geohash,highway_busway,highway_living_street,highway_motorway,highway_motorway_link,highway_primary,highway_primary_link,highway_residential,highway_secondary,highway_secondary_link,highway_tertiary,highway_tertiary_link,highway_trunk,highway_trunk_link,highway_unclassified,oneway_False,oneway_True,bridge_no,bridge_yes,tunnel_building_passage,tunnel_no,tunnel_yes
xn74r5,0,0,0,0,0,0,58,0,0,57,2,0,0,164,268,13,275,6,0,281,0
xn74r7,0,0,0,0,0,0,68,0,0,52,0,0,0,104,224,0,224,0,0,224,0
xn74r9,0,0,0,0,6,0,139,0,0,58,0,12,0,34,232,17,235,14,0,249,0
xn74rc,0,0,0,0,14,0,138,0,0,61,0,0,0,68,276,5,273,8,0,281,0
xn74rd,0,0,0,0,18,0,164,0,0,30,0,0,0,90,300,2,294,8,0,300,2
xn74re,0,0,0,0,29,0,83,0,0,58,0,0,0,159,308,21,318,11,0,329,0
xn74rf,0,0,0,0,0,0,74,16,0,43,0,3,10,118,216,48,254,10,0,264,0
xn74rg,0,0,0,0,0,0,214,0,0,38,0,5,1,76,328,6,332,2,0,332,2
xn74rh,0,0,0,0,0,0,86,0,0,50,0,0,0,138,270,4,268,6,0,274,0
xn74rs,0,0,0,0,8,0,42,0,0,66,0,0,0,203,310,9,312,7,0,319,0
xn74ru,0,0,0,0,0,0,163,0,0,56,0,0,0,41,252,8,254,6,0,256,4
xn74rx,0,0,0,0,19,0,210,0,0,0,0,0,0,124,350,3,345,8,0,353,0
xn74ry,0,0,0,5,12,0,72,0,0,50,0,0,0,96,218,17,233,2,0,235,0
xn74vf,0,0,0,0,0,0,10,0,0,6,0,0,0,8,24,0,24,0,0,24,0
xn74vg,0,0,0,0,2,0,56,0,0,24,0,0,0,53,132,3,133,2,0,133,2
xn74vu,0,0,0,0,12,0,90,0,0,9,2,0,0,49,152,10,162,0,0,161,1
xn74vv,0,0,0,0,20,0,135,27,0,23,0,0,0,40,230,15,243,2,0,245,0
xn74vy,0,0,0,0,20,0,116,22,0,56,1,28,0,33,246,30,276,0,0,276,0
xn74vz,0,0,0,0,4,0,104,10,0,28,0,0,0,34,180,0,180,0,0,180,0
xn74w9,0,0,0,0,2,0,106,0,0,32,0,0,0,143,272,11,281,2,0,283,0
xn74wd,0,0,0,0,10,0,360,0,0,44,0,0,0,94,504,4,508,0,0,508,0
xn74we,0,0,0,0,0,0,400,0,0,80,0,0,0,36,516,0,516,0,0,516,0
xn74wf,0,0,0,0,8,0,346,0,0,10,0,0,0,113,476,1,475,2,0,477,0
xn74wr,0,0,0,0,37,2,165,0,0,76,0,0,0,75,300,55,331,24,0,345,10
xn74wv,0,0,0,0,0,0,48,0,0,6,0,0,0,18,72,0,72,0,0,72,0
xn74wy,0,0,0,0,0,0,92,2,0,8,0,0,0,44,140,6,142,4,0,146,0
xn74wz,0,0,0,0,22,1,164,22,0,10,0,0,0,42,248,13,255,6,0,261,0
xn74x0,0,0,0,0,0,0,150,0,0,66,0,0,0,52,268,0,264,4,0,268,0
xn74x2,0,0,0,0,0,0,90,0,0,32,0,0,0,112,234,0,232,2,0,234,0
xn74x3,0,2,0,0,0,0,250,0,0,60,0,0,0,89,400,1,395,6,0,401,0
xn74x5,0,0,0,0,14,0,200,0,0,24,0,0,0,70,308,0,294,14,0,308,0
xn74x6,0,0,0,0,0,0,110,0,0,46,0,0,0,72,228,0,228,0,0,228,0
xn74x7,0,0,0,0,18,0,204,0,0,30,0,0,0,47,298,1,291,8,0,299,0
xn74x8,0,0,0,0,18,0,141,0,0,30,0,0,0,142,328,3,315,16,0,329,2
xn74xd,0,0,0,0,10,0,60,0,0,16,0,0,0,42,128,0,128,0,0,128,0
xn74xe,0,0,0,0,39,4,69,0,0,0,0,0,0,70,148,34,162,20,0,182,0
xn74xf,0,0,0,0,0,0,26,0,0,16,0,0,0,0,42,0,42,0,0,42,0
xn74xg,0,0,0,0,16,0,112,0,0,18,0,0,0,63,198,11,189,20,0,209,0
xn74xj,0,0,0,0,0,0,148,0,0,70,0,0,0,34,252,0,252,0,0,252,0
xn74xk,0,0,0,0,2,0,234,0,0,24,0,0,0,38,298,0,292,6,0,298,0
xn74xn,0,0,0,0,18,0,159,0,0,20,0,0,0,64,256,5,237,24,0,260,1
xn74xq,0,0,0,0,10,0,194,0,0,10,0,0,0,78,292,0,264,28,0,292,0
xn74xu,0,0,0,0,24,0,214,0,0,120,0,0,0,159,476,41,511,6,0,517,0
xn74xv,0,0,0,0,4,0,146,0,0,70,0,0,0,22,238,4,242,0,0,242,0
xn74xw,0,0,0,0,0,0,96,0,0,28,0,0,0,42,166,0,166,0,0,166,0
xn74y0,0,0,0,0,0,0,64,0,0,30,2,0,0,0,90,6,96,0,0,96,0
xn74y1,0,0,0,0,22,4,116,0,0,40,0,0,0,38,192,28,218,2,0,218,2
xn74y2,0,0,0,0,8,0,273,0,0,54,6,0,0,79,402,18,420,0,0,420,0
xn74y4,0,0,0,0,0,11,29,0,0,12,0,0,0,10,48,14,62,0,0,60,2
xn74y5,0,0,0,0,16,4,98,28,0,30,0,0,0,51,208,19,225,2,0,227,0
xn74y6,0,0,0,0,0,0,148,0,0,6,0,0,0,32,186,0,186,0,0,186,0
xn74yb,0,0,0,0,48,3,113,0,0,46,0,0,0,58,226,42,256,12,0,268,0
xn74yc,0,0,0,0,0,0,22,0,0,10,0,0,0,16,48,0,48,0,0,48,0
xn74yd,0,0,0,0,13,3,32,0,0,6,0,0,0,4,48,10,56,2,0,58,0
xn74yg,0,0,0,0,0,0,153,4,0,44,0,0,0,64,260,5,265,0,0,265,0
xn74yh,0,0,0,0,0,0,8,0,0,33,3,0,0,10,38,16,54,0,0,54,0
xn74yj,0,0,0,0,12,0,220,14,6,26,0,19,0,59,328,28,356,0,0,356,0
xn74yk,0,0,0,0,0,0,176,12,2,56,0,0,0,41,276,11,285,2,0,285,2
xn74ym,0,0,0,0,0,0,162,48,4,26,0,18,0,70,304,24,328,0,0,326,2
xn74yn,0,0,0,0,32,0,194,0,0,54,0,2,0,29,268,43,311,0,0,311,0
xn74ys,0,0,0,0,0,0,86,6,0,28,0,0,0,68,180,8,183,5,0,188,0
xn74yu,0,0,0,0,0,0,58,16,0,22,0,13,0,56,148,17,165,0,0,165,0
xn74yy,0,0,0,0,0,0,47,12,0,22,0,0,0,43,114,10,124,0,0,124,0
xn74yz,0,0,0,0,0,0,124,10,0,16,0,0,0,84,234,0,234,0,0,234,0
xn74z0,0,0,0,0,0,1,102,0,0,28,0,0,0,20,150,1,151,0,0,147,4
xn74z1,0,0,0,0,17,3,137,12,0,28,0,0,0,48,218,27,234,11,0,245,0
xn74z3,0,0,0,0,0,0,188,14,0,44,0,0,0,40,276,10,286,0,0,285,1
xn74z4,0,0,0,0,2,0,115,4,0,35,0,0,0,71,212,15,225,2,0,227,0
xn74z5,0,0,0,8,0,0,133,46,0,26,0,17,0,28,214,44,250,8,0,258,0
xn74z6,0,0,0,0,9,0,85,18,0,38,0,18,0,70,212,26,238,0,0,238,0
xn74z7,0,0,0,0,24,0,107,0,3,20,0,5,0,38,182,15,197,0,0,197,0
xn74z8,0,0,0,0,0,0,189,0,0,82,0,0,0,12,280,3,283,0,0,283,0
xn74z9,0,0,0,0,8,0,185,14,0,40,0,0,0,34,266,15,281,0,0,281,0
xn74zb,0,0,0,0,14,0,147,0,0,36,0,0,0,39,230,6,227,9,0,236,0
xn74zc,0,0,0,0,16,0,56,0,0,36,0,0,0,90,186,12,194,4,0,198,0
xn74zd,0,0,0,0,2,0,185,26,0,8,0,38,0,100,356,3,359,0,0,359,0
xn74zf,0,0,0,0,12,8,128,0,0,10,0,24,0,84,254,12,258,8,0,264,2
xn74zg,0,0,0,0,0,0,209,0,0,28,0,12,0,36,282,3,285,0,0,285,0
xn74zh,0,0,0,0,0,0,104,18,0,4,0,0,0,22,148,0,148,0,0,148,0
xn74zj,0,0,0,0,0,0,30,2,0,12,0,0,0,20,64,0,62,2,0,64,0
xn74zr,0,0,0,0,22,3,132,28,0,4,0,0,0,50,206,33,239,0,0,239,0
xn74zt,0,0,0,0,0,0,54,12,0,29,0,0,0,37,124,8,132,0,0,132,0
xn74zx,0,0,0,0,32,0,149,10,0,0,0,0,0,75,222,44,266,0,0,266,0
xn74zy,0,0,0,0,0,0,149,28,0,36,0,0,0,41,234,20,254,0,0,254,0
xn74zz,0,0,0,0,13,5,38,42,0,22,0,0,0,12,114,18,120,12,0,132,0
xn75jb,0,0,0,0,20,3,110,8,0,12,0,0,0,24,146,31,177,0,0,177,0
xn75jf,0,0,0,0,0,0,198,48,0,44,0,0,0,68,352,6,352,6,0,358,0
xn75jg,0,0,0,0,0,0,87,0,0,64,0,0,0,51,200,2,202,0,0,202,0
xn75jv,0,0,0,0,6,0,149,0,0,4,0,0,0,28,184,3,183,4,0,187,0
xn75jy,0,0,0,0,14,0,92,0,0,34,0,0,0,40,178,2,174,6,0,180,0
xn75jz,0,0,0,0,0,0,218,0,0,48,0,0,0,42,304,4,308,0,0,308,0
xn75mb,0,0,0,0,32,0,196,0,0,28,0,0,0,26,280,2,255,27,0,282,0
xn75n2,0,0,0,0,17,0,198,18,0,24,0,0,0,24,280,1,281,0,0,281,0
xn75n5,0,0,0,0,0,0,154,62,0,12,0,0,0,44,266,6,272,0,0,272,0
xn75n8,0,0,0,0,4,1,18,0,0,4,0,0,0,10,28,9,37,0,0,37,0
xn75nd,0,0,0,0,16,0,125,36,0,10,0,0,0,67,240,14,254,0,0,252,2
xn75ne,0,0,0,0,20,0,197,0,0,38,0,0,0,96,324,27,351,0,0,351,0
xn75ng,0,0,0,0,0,0,136,0,0,74,0,0,0,89,290,9,299,0,0,299,0
xn75nh,0,0,0,0,0,0,116,18,0,28,0,0,0,24,186,0,186,0,0,186,0
xn75nk,0,0,0,0,0,0,131,12,0,64,0,0,0,16,218,5,215,8,0,223,0
xn75nr,0,0,0,0,0,0,58,36,0,0,0,0,0,53,136,11,143,4,0,147,0
xn75nt,0,0,0,0,34,0,142,0,0,8,0,0,0,128,292,20,302,10,0,312,0
xn75nu,0,0,0,0,0,0,244,0,0,46,0,0,0,50,332,8,325,15,0,340,0
xn75nv,0,0,0,0,30,0,114,0,0,10,0,0,0,61,200,15,209,6,0,215,0
xn75nx,0,0,0,0,18,0,83,36,0,14,0,0,0,38,164,25,181,8,0,189,0
xn75ny,0,0,0,0,0,0,14,0,0,16,0,0,0,82,110,2,108,4,0,112,0
xn75p1,0,0,0,0,0,0,259,8,0,0,0,0,0,10,276,1,277,0,0,277,0
xn75p5,0,0,0,0,0,0,143,0,0,38,0,0,0,88,246,23,269,0,0,269,0
xn75p7,0,0,0,0,6,0,152,32,0,110,1,0,0,32,300,33,333,0,0,331,2
xn75p8,0,0,0,0,22,1,211,44,0,32,0,0,0,16,264,62,326,0,0,326,0
xn75pb,0,0,0,0,0,0,55,12,0,20,0,0,0,16,102,1,99,4,0,103,0
xn75pc,0,0,0,0,0,0,151,70,0,16,0,0,0,30,240,27,267,0,0,267,0
xn75pd,0,0,0,0,34,0,308,26,0,46,0,0,0,7,354,67,404,17,0,421,0
xn75pe,0,0,0,0,18,0,217,8,2,74,0,0,0,34,306,47,353,0,0,351,2
xn75pf,0,0,0,0,0,0,106,12,0,38,0,0,0,87,198,45,243,0,0,243,0
xn75pg,0,0,0,0,10,0,219,6,0,96,2,0,0,66,310,89,394,5,0,392,7
xn75pj,0,0,0,0,24,0,159,0,0,32,0,0,0,71,276,10,284,2,0,286,0
xn75pr,0,0,0,0,26,0,325,0,0,22,0,0,0,110,454,29,469,14,0,483,0
xn75ps,0,0,0,0,34,0,218,0,0,21,0,0,0,37,260,50,308,2,0,310,0
xn75pt,0,0,0,0,56,1,255,0,0,2,0,0,0,82,358,38,396,0,0,396,0
xn75pu,0,0,0,0,46,0,161,12,0,11,0,0,0,63,214,79,293,0,0,293,0
xn75pv,0,0,0,0,44,0,116,0,0,42,0,0,0,56,228,30,258,0,0,258,0
xn75py,0,0,0,0,4,0,87,0,0,39,0,0,0,14,136,8,140,4,0,144,0
xn75pz,0,0,0,0,34,0,254,0,0,4,0,0,0,22,290,24,310,4,0,314,0
xn75q1,0,0,0,0,0,0,242,38,0,29,0,0,0,29,322,16,338,0,0,338,0
xn75q2,0,0,0,0,34,0,56,8,0,0,0,0,0,39,136,1,127,10,0,137,0
xn75q3,0,0,0,0,0,0,64,26,0,0,0,0,0,39,126,3,129,0,0,129,0
xn75q5,0,0,0,0,20,0,54,0,0,6,0,0,0,71,150,1,147,4,0,151,0
xn75q6,0,0,0,0,26,0,59,0,0,32,0,0,0,48,162,3,165,0,0,165,0
xn75q7,0,0,0,0,6,0,20,14,0,10,0,0,0,234,284,0,284,0,0,284,0
xn75q8,0,0,0,0,36,0,112,0,0,12,0,0,0,100,260,0,260,0,0,260,0
xn75qc,0,0,0,0,32,0,54,0,0,28,0,0,0,37,150,1,151,0,0,151,0
xn75qd,0,0,0,0,32,0,66,0,0,8,0,0,0,187,292,1,293,0,0,293,0
xn75qe,0,0,0,0,20,0,52,0,0,22,0,0,0,144,238,0,238,0,0,238,0
xn75qt,0,0,0,0,36,2,84,0,0,44,0,0,0,80,244,2,238,8,0,246,0
xn75r8,0,0,0,0,22,0,286,28,5,16,0,0,0,95,434,18,452,0,0,452,0
xn75rb,0,0,0,0,16,0,183,20,1,35,0,0,0,179,420,14,432,2,0,432,2
xn75rg,0,0,0,0,4,0,66,36,0,14,0,0,0,181,290,11,301,0,0,301,0
xn75rj,0,0,0,0,0,0,20,12,0,40,0,0,0,224,290,6,290,6,0,296,0
xn75rk,0,0,0,0,0,0,48,2,0,24,0,0,0,287,338,23,361,0,0,361,0
xn75rt,0,0,0,0,36,0,64,0,0,6,0,0,0,261,364,3,367,0,0,367,0
xn75wb,0,0,0,0,61,0,46,8,0,41,0,0,0,145,276,25,301,0,0,301,0
xn75ws,0,0,0,0,1,0,17,0,0,36,0,0,0,242,288,8,294,2,0,296,0
xn75xb,0,0,0,0,10,0,56,0,0,16,0,0,0,148,228,2,226,4,0,230,0
xn75xc,0,0,0,0,0,0,28,0,0,10,0,0,0,78,116,0,114,2,0,112,4
xn75xn,0,0,1,5,0,0,14,8,0,2,0,0,0,22,46,6,46,6,0,50,2
xn75xt,0,0,0,0,18,0,62,0,0,6,0,7,0,140,220,13,233,0,0,233,0
xn75xu,0,0,0,0,0,0,116,0,0,38,0,13,0,84,238,13,251,0,0,251,0
xn75z8,0,0,0,0,0,0,18,18,0,34,8,4,0,78,156,4,160,0,0,160,0
xn75zf,0,0,0,0,0,0,158,0,0,106,0,0,0,261,522,3,525,0,0,523,2
xn760j,0,0,0,0,9,0,96,0,0,96,0,0,0,14,200,15,213,2,0,215,0
xn760m,0,0,0,0,3,0,111,0,0,69,0,0,0,6,180,9,189,0,0,189,0
xn760n,0,0,0,0,0,0,49,0,0,139,8,0,0,48,190,54,244,0,0,244,0
xn760p,0,0,0,0,14,0,64,0,0,90,0,0,0,12,150,30,176,4,0,180,0
xn760u,0,0,0,0,24,0,52,0,0,81,0,0,0,51,200,8,208,0,0,208,0
xn760w,0,0,0,4,8,0,70,0,0,99,0,0,0,110,278,13,286,5,0,291,0
xn760y,0,0,0,21,0,0,70,0,0,18,0,0,0,74,162,21,169,14,0,183,0
xn7613,0,0,0,0,27,0,150,0,0,18,0,0,0,159,332,22,352,2,0,354,0
xn7615,0,0,0,0,0,0,263,28,0,20,0,0,0,114,424,1,423,2,0,425,0
xn7616,0,0,0,0,20,0,180,0,0,30,0,0,0,259,482,7,487,2,0,487,2
xn7617,0,0,0,0,28,0,184,0,0,18,0,0,0,284,514,0,514,0,0,514,0
xn761e,0,0,0,0,1,0,78,0,0,12,0,0,0,128,216,3,219,0,0,219,0
xn761k,0,0,0,0,10,0,118,10,0,10,0,0,0,176,324,0,324,0,0,324,0
xn761m,0,0,0,0,6,0,123,40,0,30,0,0,0,173,324,48,370,2,0,372,0
xn761n,0,0,0,0,0,0,287,6,0,44,0,0,0,225,546,16,560,2,0,562,0
xn761p,0,0,0,0,0,0,290,68,0,20,0,0,0,62,382,58,434,6,0,436,4
xn761r,0,0,0,0,0,0,130,14,0,72,0,0,0,219,418,17,435,0,0,435,0
xn761s,0,0,0,0,0,0,68,16,0,36,0,0,0,26,144,2,146,0,0,146,0
xn761u,0,0,0,0,0,0,141,38,0,2,0,0,0,38,218,1,219,0,0,219,0
xn761x,0,0,0,0,14,0,153,0,0,22,0,0,0,70,258,1,259,0,0,259,0
xn761y,0,0,0,0,0,0,134,16,0,67,0,0,0,102,318,1,315,4,0,319,0
xn7620,0,0,0,0,16,0,124,0,0,53,0,0,0,24,190,27,217,0,0,217,0
xn7621,0,0,0,0,0,0,134,0,0,63,0,0,0,0,190,7,195,2,0,197,0
xn7622,0,0,0,0,0,0,164,0,0,49,0,0,0,86,284,15,299,0,0,299,0
xn7623,0,0,0,0,0,0,166,4,0,26,0,0,0,52,238,10,248,0,0,248,0
xn7624,0,0,0,0,0,0,272,10,0,70,0,0,0,34,374,12,386,0,0,384,2
xn7629,0,0,0,0,0,0,110,4,0,74,0,0,0,82,266,4,268,2,0,270,0
xn762b,0,0,0,0,2,0,143,32,0,46,0,0,0,169,350,42,390,2,0,392,0
xn762d,0,0,0,0,0,0,138,0,0,72,0,0,0,152,356,6,358,4,0,362,0
xn762f,0,0,0,0,16,0,148,0,0,50,0,0,0,154,368,0,366,2,0,368,0
xn762h,0,0,0,0,0,0,150,0,0,54,2,15,0,169,372,18,384,6,0,388,2
xn762j,0,0,0,0,0,0,89,0,0,60,0,0,0,140,274,15,287,2,0,289,0
xn762k,0,0,0,0,0,0,60,0,0,78,0,8,0,216,354,8,362,0,0,358,4
xn762m,0,0,0,0,24,0,82,0,0,32,0,0,0,182,312,8,318,2,0,320,0
xn762n,0,0,0,4,17,0,26,0,0,46,0,0,0,176,258,11,269,0,0,269,0
xn762p,0,0,9,10,0,0,122,0,0,90,0,0,0,125,336,20,356,0,0,354,2
xn762q,0,0,0,0,0,0,44,0,0,68,0,0,0,110,222,0,216,6,0,220,2
xn762w,0,0,0,0,0,0,93,0,0,44,0,4,5,198,332,12,342,2,0,344,0
xn762x,0,0,0,0,0,0,217,0,0,90,0,10,1,50,350,18,368,0,0,368,0
xn762z,0,0,0,0,2,0,69,0,0,16,0,0,0,52,138,1,137,2,0,139,0
xn7633,0,0,0,0,0,0,324,32,0,26,0,0,0,230,612,0,612,0,0,612,0
xn7635,0,0,0,0,30,0,270,0,0,24,0,0,0,38,362,0,352,10,0,360,2
xn7636,0,0,0,0,0,0,130,12,0,0,0,0,0,56,198,0,196,2,0,198,0
xn7638,0,0,0,0,0,0,239,0,0,34,0,0,0,159,410,22,430,2,0,432,0
xn7639,0,0,0,0,0,0,301,0,0,30,0,0,0,16,336,11,345,2,0,347,0
xn763b,0,0,0,0,4,0,138,0,0,2,0,0,0,66,204,6,210,0,0,210,0
xn763c,0,0,0,0,38,0,293,0,0,10,0,0,0,0,306,35,331,10,0,341,0
xn763d,0,0,0,0,23,0,216,0,0,32,0,0,0,2,236,37,271,2,0,273,0
xn763f,0,0,0,0,22,0,316,0,0,14,0,0,0,4,302,54,344,12,0,354,2
xn763g,0,0,0,0,0,0,120,0,0,8,0,0,0,16,126,18,135,9,0,142,2
xn763j,0,0,0,0,16,0,92,0,0,32,1,0,0,29,164,6,170,0,0,170,0
xn763n,0,0,0,0,40,0,178,0,0,34,0,0,0,138,372,18,390,0,0,390,0
xn763p,0,0,0,0,4,0,74,0,0,32,12,0,0,43,152,13,165,0,0,165,0
xn763q,0,0,0,0,0,0,276,0,0,76,0,0,0,114,454,12,466,0,0,466,0
xn763t,0,0,0,0,30,0,168,0,0,50,0,0,0,8,236,20,256,0,0,256,0
xn763u,0,0,0,0,0,0,129,0,0,50,0,24,0,15,188,30,205,13,0,218,0
xn763y,0,0,0,0,0,0,82,0,0,24,0,0,0,0,106,0,106,0,0,106,0
xn7641,0,0,0,0,0,0,162,0,0,110,0,17,0,134,406,17,423,0,0,423,0
xn7643,0,0,0,0,0,0,36,11,0,36,0,0,0,154,234,3,237,0,0,237,0
xn7646,0,0,0,0,0,0,60,22,0,46,0,16,0,130,256,18,270,4,0,274,0
xn7649,0,0,0,0,0,0,115,0,0,78,0,20,0,14,192,35,225,2,0,227,0
xn764d,0,0,0,0,0,0,69,0,0,48,0,3,0,27,136,11,147,0,0,147,0
xn764e,0,0,0,0,0,0,36,0,0,28,0,10,0,57,116,15,131,0,0,131,0
xn764f,0,0,0,0,0,0,225,3,2,52,0,23,1,54,292,68,360,0,0,360,0
xn764g,0,3,0,0,0,0,119,32,0,48,2,8,0,29,130,111,241,0,0,241,0
xn764j,0,0,0,0,22,0,64,0,0,26,0,0,0,106,210,8,218,0,0,218,0
xn764k,0,0,0,0,0,0,58,4,0,62,0,0,0,96,218,2,214,6,0,220,0
xn764m,0,0,0,0,0,0,79,0,0,60,0,0,0,94,204,29,231,2,0,233,0
xn764q,0,0,0,0,0,0,71,0,0,70,2,0,0,124,254,13,263,4,0,267,0
xn764r,0,0,0,0,0,0,74,0,0,56,0,0,0,23,152,1,151,2,0,153,0
xn764s,0,0,0,0,0,0,111,34,0,30,2,11,0,166,290,64,354,0,0,354,0
xn764t,0,0,0,0,0,0,66,0,0,66,0,11,0,90,196,37,233,0,0,233,0
xn764u,0,0,0,0,17,1,52,0,0,67,0,0,0,34,108,63,171,0,0,169,2
xn764v,0,0,0,0,14,4,38,0,0,10,0,12,1,4,36,47,83,0,0,83,0
xn764w,0,0,0,0,0,0,52,0,0,62,0,21,1,178,260,54,314,0,0,314,0
xn764z,0,0,0,0,4,0,3,0,0,22,0,14,1,63,72,35,107,0,0,107,0
xn7651,0,0,0,0,0,0,161,0,0,106,2,0,0,20,246,43,289,0,0,289,0
xn7653,0,0,0,0,11,0,233,19,0,55,0,0,0,44,324,38,362,0,0,362,0
xn7655,0,6,0,0,0,0,133,20,8,27,0,14,0,6,92,122,214,0,0,214,0
xn7657,0,0,0,0,0,0,244,0,0,67,0,24,0,76,300,111,411,0,0,411,0
xn765c,0,0,0,0,0,0,6,0,0,16,0,0,0,4,24,2,24,2,0,26,0
xn765d,0,0,0,0,15,0,83,0,0,29,6,0,0,36,96,73,169,0,0,169,0
xn765e,0,0,0,0,3,0,221,0,0,51,0,13,0,37,192,133,325,0,0,325,0
xn765g,0,0,0,0,16,0,98,0,0,20,0,18,0,129,208,73,277,4,0,281,0
xn765h,0,0,0,0,5,0,47,0,0,16,0,34,8,80,58,132,190,0,0,190,0
xn765j,0,0,0,0,0,0,26,0,0,6,0,7,1,22,56,6,57,5,0,62,0
xn765k,0,0,0,0,0,0,250,0,0,52,0,20,0,12,246,88,334,0,0,334,0
xn765n,0,0,0,0,0,0,167,0,0,42,4,8,1,132,308,46,354,0,0,354,0
xn765q,0,0,0,0,0,0,15,0,0,58,0,0,0,81,148,6,154,0,0,154,0
xn765r,0,0,0,0,0,0,116,0,0,20,0,12,0,146,250,44,294,0,0,294,0
xn765s,0,0,0,0,0,0,107,0,0,58,0,3,0,122,154,136,290,0,0,290,0
xn765t,0,0,0,0,0,0,4,0,0,17,0,31,0,192,204,40,244,0,0,244,0
xn765v,0,0,2,17,11,0,6,0,0,12,3,25,2,159,172,65,232,5,0,235,2
xn765w,0,0,0,0,0,0,4,0,0,4,0,0,0,36,44,0,44,0,0,44,0
xn765x,0,0,0,0,0,0,20,0,0,86,0,0,0,163,242,27,269,0,0,269,0
xn765y,0,0,0,0,0,0,20,0,0,10,0,0,0,34,52,12,64,0,0,64,0
xn765z,0,0,0,1,13,4,57,0,0,68,0,1,0,119,200,63,262,1,0,263,0
xn7660,0,0,0,0,20,0,112,20,0,32,0,0,0,2,168,18,186,0,0,186,0
xn7661,0,0,0,0,0,0,156,16,0,16,0,0,0,12,200,0,196,4,0,200,0
xn7662,0,0,0,0,0,0,57,0,0,37,0,10,0,41,130,15,139,6,0,145,0
xn7663,0,0,0,0,4,0,115,24,0,41,0,8,0,69,236,25,261,0,0,261,0
xn7664,0,0,0,0,0,0,207,0,0,8,0,14,0,32,252,9,253,8,0,261,0
xn7665,0,0,0,0,7,0,64,0,0,49,0,20,0,9,136,13,149,0,0,149,0
xn7666,0,0,0,0,6,0,126,0,0,31,0,0,0,12,164,11,175,0,0,175,0
xn7667,0,0,0,0,0,0,48,0,0,29,0,0,0,49,116,10,126,0,0,126,0
xn766b,0,0,0,0,2,0,12,0,0,8,0,0,0,47,68,1,69,0,0,67,2
xn766c,0,0,0,0,0,0,81,0,0,44,0,10,0,87,148,74,222,0,0,220,2
xn766d,0,0,0,0,23,0,60,14,0,54,0,0,0,47,168,30,198,0,0,198,0
xn766e,0,0,0,0,59,0,189,6,0,58,8,0,0,105,390,35,425,0,0,425,0
xn766f,0,0,0,0,33,19,109,0,0,62,0,19,2,44,186,102,286,2,0,288,0
xn766g,0,0,0,0,2,0,109,13,0,66,2,15,0,86,212,81,293,0,0,293,0
xn766h,0,0,0,0,6,0,171,0,0,95,0,0,0,69,244,97,339,2,0,341,0
xn766j,0,0,0,0,47,0,240,0,0,14,0,0,0,43,276,68,344,0,0,344,0
xn766m,0,0,0,0,26,0,125,0,0,22,0,0,0,57,194,36,224,6,0,230,0
xn766n,0,0,0,0,12,0,99,0,0,8,0,0,0,0,118,1,119,0,0,119,0
xn766q,0,0,0,0,30,12,121,0,0,43,0,0,0,45,178,73,249,2,0,251,0
xn766r,0,0,0,0,15,2,158,0,0,44,0,0,0,50,198,71,269,0,0,269,0
xn766s,0,0,0,0,20,0,197,0,0,24,0,0,0,153,350,44,394,0,0,394,0
xn766t,0,0,0,0,14,0,117,0,0,64,0,0,0,76,216,55,269,2,0,271,0
xn766u,0,0,0,0,0,0,154,0,0,120,4,15,0,148,402,39,436,5,0,441,0
xn766v,0,0,0,0,0,0,169,0,0,80,0,6,0,64,290,29,309,10,0,319,0
xn766w,0,0,0,0,0,0,84,0,0,20,0,0,0,173,248,29,268,9,0,277,0
xn766x,0,0,0,0,12,0,132,0,0,32,0,0,0,152,276,52,310,18,0,328,0
xn7670,0,0,0,0,0,0,78,0,0,48,4,0,0,122,220,32,252,0,0,252,0
xn7671,0,0,0,0,16,18,128,0,0,117,0,0,0,126,302,103,405,0,0,403,2
xn7673,0,0,0,0,22,0,165,0,0,94,2,0,20,170,340,133,469,4,1,472,0
xn7674,0,0,0,0,32,0,198,0,0,100,0,0,0,114,342,102,444,0,0,444,0
xn7675,0,0,0,0,0,0,84,10,0,34,0,0,0,110,188,50,236,2,0,238,0
xn7676,0,4,0,0,38,0,281,0,0,29,0,0,0,111,384,79,456,7,0,461,2
xn7677,0,0,0,0,4,0,198,0,0,4,0,0,0,73,216,63,270,9,0,279,0
xn7678,0,0,0,0,19,0,32,0,0,22,0,0,0,214,208,79,287,0,0,287,0
xn7679,0,0,0,0,7,0,52,0,0,66,0,5,0,317,382,65,432,15,0,447,0
xn767b,0,0,0,1,11,0,16,0,0,56,0,29,0,205,232,86,318,0,0,318,0
xn767d,0,0,0,0,0,0,75,0,0,0,0,10,0,237,236,86,322,0,0,322,0
xn767e,0,0,0,0,8,0,106,0,0,0,0,26,7,160,208,99,307,0,0,307,0
xn767f,0,0,0,0,0,0,84,0,0,48,0,18,0,204,298,56,351,3,0,354,0
xn767g,0,2,0,0,0,0,129,0,0,22,0,3,0,103,206,53,259,0,0,259,0
xn767h,0,0,0,0,0,0,146,18,0,34,0,0,0,92,236,54,275,15,0,290,0
xn767k,0,0,0,0,0,0,110,16,0,22,0,0,0,91,186,53,236,3,0,239,0
xn767n,0,0,0,0,0,0,330,0,0,50,0,19,0,34,390,43,433,0,0,433,0
xn767p,0,0,0,0,4,0,111,0,0,54,0,12,7,156,300,44,336,8,0,344,0
xn767s,0,0,0,0,25,0,114,0,0,20,0,2,10,51,128,94,208,14,0,222,0
xn767t,0,0,0,0,6,0,22,0,0,40,0,0,0,183,192,59,251,0,0,251,0
xn767u,0,0,0,0,10,0,56,0,0,38,0,0,3,65,144,28,170,2,0,172,0
xn767v,0,0,0,1,10,11,34,0,0,20,0,13,1,54,88,56,136,8,0,144,0
xn767w,0,0,0,0,0,0,111,6,0,53,0,0,0,217,314,73,387,0,0,385,2
xn767x,0,0,0,0,0,0,188,22,0,54,0,0,0,69,280,53,333,0,0,333,0
xn767y,0,0,1,6,2,0,24,0,0,7,2,14,0,28,52,32,84,0,0,84,0
xn767z,0,0,1,1,9,4,4,0,0,33,0,12,0,61,84,41,123,2,0,125,0
xn7682,0,0,0,0,0,0,266,0,0,28,0,0,0,62,356,0,350,6,0,354,2
xn7684,0,0,0,0,6,0,128,0,0,24,0,0,0,14,172,0,166,6,0,172,0
xn7685,0,0,0,0,0,0,219,0,0,54,0,0,0,34,306,1,289,18,0,307,0
xn7686,0,0,0,0,20,0,212,0,0,22,0,0,0,60,314,0,300,14,0,314,0
xn7688,0,0,0,0,0,0,290,0,0,56,0,0,0,6,352,0,340,12,0,352,0
xn7689,0,0,0,0,0,0,148,0,0,46,0,0,0,16,208,2,208,2,0,210,0
xn768b,0,0,0,0,22,0,170,0,0,62,0,2,0,55,282,29,311,0,0,311,0
xn768c,0,0,0,0,16,0,131,0,0,38,0,27,16,125,308,45,337,16,0,353,0
xn768d,0,0,0,0,8,0,91,0,0,28,0,0,0,22,148,1,145,4,0,149,0
xn768h,0,0,0,0,20,0,82,0,0,18,0,0,0,10,128,2,128,2,0,130,0
xn768j,0,0,0,0,31,5,216,10,0,42,0,0,0,67,342,29,371,0,0,371,0
xn768n,0,0,0,0,30,0,137,30,0,18,0,0,0,65,234,46,280,0,0,280,0
xn768p,0,0,0,0,32,0,126,16,0,14,0,0,0,76,260,4,264,0,0,264,0
xn768r,0,0,0,0,0,0,194,0,0,16,0,0,0,121,300,31,329,2,0,327,4
xn768s,0,0,0,0,0,0,144,0,0,0,0,0,0,20,164,0,164,0,0,164,0
xn768u,0,0,0,0,14,0,313,0,0,23,0,0,0,14,358,6,355,9,0,364,0
xn768v,0,0,0,0,10,0,172,0,0,12,4,0,0,30,224,4,219,9,0,228,0
xn768w,0,0,0,0,54,0,177,6,0,28,0,0,0,68,332,1,323,10,0,333,0
xn768x,0,0,0,0,6,0,188,0,0,48,0,0,0,64,256,50,304,2,0,306,0
xn768y,0,0,0,0,8,0,146,7,0,15,0,0,0,25,182,19,193,8,0,201,0
xn768z,0,0,0,0,14,1,203,10,0,10,0,0,0,48,276,10,282,4,0,286,0
xn7691,0,0,0,0,0,0,72,0,0,10,0,16,0,195,268,25,291,2,0,293,0
xn7694,0,0,0,0,6,0,58,0,0,14,0,15,6,120,200,19,213,6,0,219,0
xn7695,0,0,0,0,10,0,64,0,0,12,0,0,0,0,80,6,84,2,0,86,0
xn7696,0,0,0,0,10,0,75,0,0,50,0,0,0,16,134,17,151,0,0,149,2
xn7697,0,0,0,0,0,0,239,0,0,38,0,6,0,41,294,30,320,4,0,324,0
xn769b,0,0,0,0,0,0,170,0,0,28,0,0,0,78,250,26,253,23,0,276,0
xn769c,0,0,0,0,31,12,166,0,0,21,0,0,0,18,168,80,248,0,0,248,0
xn769d,0,0,0,0,2,1,243,0,0,42,0,18,0,12,262,56,305,13,0,316,2
xn769e,0,0,0,0,0,0,156,10,0,58,0,7,0,0,178,53,219,12,0,231,0
xn769f,0,0,0,0,9,11,140,0,0,62,0,0,0,4,152,74,226,0,0,226,0
xn769j,0,0,0,1,0,0,289,0,0,40,0,0,0,35,330,35,350,15,0,362,3
xn769k,0,0,0,0,15,0,147,8,0,31,0,24,28,58,182,129,309,2,0,309,2
xn769m,0,0,1,4,13,4,187,24,0,61,0,0,0,80,300,74,369,5,0,374,0
xn769n,0,0,0,0,3,0,27,0,0,24,0,0,0,4,52,6,58,0,0,58,0
xn769p,0,0,0,0,43,12,257,0,0,66,0,0,0,13,340,51,383,8,0,391,0
xn769r,0,0,0,0,14,0,98,0,0,36,0,0,0,7,120,35,155,0,0,155,0
xn769u,0,0,0,0,0,0,166,30,0,44,0,0,0,12,194,58,252,0,0,252,0
xn769w,0,0,0,0,0,0,118,44,0,38,0,0,0,8,144,64,208,0,0,208,0
xn769y,0,0,0,0,0,0,166,0,0,54,0,13,1,7,202,39,241,0,0,241,0
xn76b4,0,0,0,0,0,0,216,0,0,30,0,0,0,60,300,6,306,0,0,306,0
xn76b5,0,0,0,0,0,0,212,0,0,45,0,27,0,69,330,23,347,6,0,351,2
xn76b7,0,0,0,0,0,0,214,68,0,12,0,0,0,67,342,19,361,0,0,361,0
xn76b8,0,0,0,0,0,0,67,0,0,60,0,0,0,28,90,65,153,2,0,155,0
xn76b9,0,0,0,0,0,0,207,0,0,28,0,0,0,112,318,29,343,4,0,347,0
xn76bb,0,0,0,0,0,0,243,19,0,38,0,0,0,90,336,54,382,8,0,390,0
xn76bc,0,0,0,0,0,0,239,0,0,6,0,0,0,52,258,39,297,0,0,297,0
xn76bd,0,0,0,0,0,0,179,0,0,40,0,0,0,116,302,33,329,6,0,335,0
xn76bf,0,0,0,0,0,0,330,0,0,66,0,0,0,86,436,46,482,0,0,482,0
xn76bg,0,0,0,0,0,0,135,26,0,44,0,0,0,61,240,26,266,0,0,266,0
xn76bk,0,0,0,0,0,0,171,14,2,77,1,21,0,66,322,30,332,20,0,352,0
xn76br,0,0,0,0,16,1,200,0,0,48,0,0,0,28,276,17,293,0,0,293,0
xn76bs,0,0,0,0,0,0,223,0,0,75,0,0,0,44,334,8,340,2,0,342,0
xn76bt,0,0,0,0,0,0,150,4,0,96,0,21,0,80,316,35,351,0,0,351,0
xn76bu,0,0,0,0,3,0,172,0,0,54,0,0,0,8,224,13,237,0,0,237,0
xn76bv,0,0,0,0,5,9,112,0,0,47,0,8,5,39,198,27,225,0,0,225,0
xn76by,0,0,0,0,8,7,227,0,0,34,0,13,0,209,438,60,498,0,0,498,0
xn76c1,0,0,0,0,19,0,255,20,0,62,1,0,0,66,340,83,423,0,0,423,0
xn76c2,0,0,0,0,14,0,186,0,0,38,0,0,0,39,262,15,277,0,0,277,0
xn76c3,0,0,0,0,0,0,292,0,0,66,0,0,0,61,364,55,419,0,0,419,0
xn76c4,0,0,0,0,12,0,183,20,0,28,0,0,0,139,344,38,382,0,0,382,0
xn76c5,0,0,0,0,6,0,161,44,0,58,0,0,0,110,348,31,375,4,0,379,0
xn76c6,0,0,0,0,0,0,159,16,0,26,0,0,0,74,248,27,275,0,0,275,0
xn76c7,0,0,0,0,0,0,226,27,0,66,0,0,0,98,406,11,417,0,0,417,0
xn76c8,0,0,0,0,50,0,203,31,1,55,0,0,0,93,390,43,433,0,0,433,0
xn76c9,0,0,0,0,0,0,178,14,2,66,0,0,0,112,334,38,372,0,0,372,0
xn76cb,0,0,0,0,28,1,104,0,0,80,0,0,0,14,194,33,227,0,0,227,0
xn76cc,0,0,0,0,0,0,141,29,6,64,0,0,0,27,246,21,267,0,0,265,2
xn76cd,0,0,0,0,0,0,221,19,0,56,0,0,0,60,318,38,356,0,1,355,0
xn76ce,0,0,0,0,0,0,310,34,0,68,0,0,0,54,460,6,466,0,0,466,0
xn76cf,0,0,0,0,0,0,274,6,0,42,0,0,0,131,422,31,453,0,0,453,0
xn76cj,0,0,0,0,0,9,155,0,0,28,0,27,1,61,218,63,281,0,0,279,2
xn76ck,0,0,0,0,0,0,193,24,0,16,0,0,0,89,300,22,322,0,0,322,0
xn76cm,0,0,0,0,0,0,184,15,0,0,0,28,2,84,254,59,313,0,0,311,2
xn76cn,0,0,0,2,12,26,196,0,0,0,0,0,0,153,316,73,383,6,0,389,0
xn76cp,0,0,0,0,8,0,82,0,0,4,0,0,0,167,248,13,253,8,1,260,0
xn76cr,0,0,0,0,28,0,258,0,0,26,0,0,0,146,438,20,458,0,0,458,0
xn76cs,0,0,0,0,0,0,263,26,0,2,0,0,0,61,308,44,352,0,0,352,0
xn76ct,0,0,1,2,0,0,135,26,0,12,0,18,4,36,204,30,225,9,0,234,0
xn76cu,0,0,0,0,0,0,239,0,0,0,0,0,0,111,318,32,349,1,0,350,0
xn76cv,0,0,0,0,0,0,58,30,1,4,0,5,17,66,150,31,177,4,0,181,0
xn76cw,0,0,0,0,0,0,279,61,0,14,0,0,0,122,466,10,476,0,0,476,0
xn76cx,0,0,0,0,26,1,278,48,0,10,0,0,0,71,390,44,434,0,0,434,0
xn76cz,0,0,0,0,40,5,207,0,0,0,0,0,0,71,298,25,314,9,0,323,0
xn76d0,0,0,0,0,13,0,200,0,0,42,0,0,0,60,272,43,313,2,0,315,0
xn76d1,0,0,0,0,6,0,166,0,0,46,0,0,0,43,182,79,261,0,0,261,0
xn76d3,0,0,0,0,0,0,215,24,0,40,0,0,0,82,328,33,361,0,0,361,0
xn76d4,0,0,0,0,0,0,113,0,0,70,0,0,0,49,200,32,232,0,0,232,0
xn76d6,0,0,0,0,0,0,115,14,0,72,0,0,0,27,188,40,224,4,0,228,0
xn76d9,0,0,0,0,0,0,127,0,0,26,0,0,0,36,154,35,185,4,0,189,0
xn76dc,0,0,0,0,28,12,257,0,0,36,0,0,0,21,270,84,352,2,0,352,2
xn76dd,0,0,0,0,5,0,86,0,0,35,0,0,0,165,232,59,289,2,0,291,0
xn76df,0,0,0,0,10,0,139,0,0,27,0,0,0,156,308,24,332,0,0,332,0
xn76dg,0,0,0,0,0,0,117,0,0,66,0,0,0,182,340,25,365,0,0,365,0
xn76dj,0,0,0,0,0,0,28,14,0,10,0,0,0,7,48,11,57,2,0,59,0
xn76dk,0,0,0,0,17,4,217,0,0,40,0,0,0,24,202,100,301,1,0,302,0
xn76dm,0,0,0,0,8,13,245,42,0,30,0,0,0,30,252,116,366,2,0,368,0
xn76dn,0,0,0,0,3,0,80,10,0,16,0,8,0,15,94,38,132,0,0,132,0
xn76dp,0,0,0,0,5,15,116,0,0,36,0,12,0,33,148,69,217,0,0,216,1
xn76ds,0,0,0,0,13,12,104,0,0,86,0,0,0,71,204,82,286,0,0,286,0
xn76dt,0,0,0,0,13,0,159,0,0,64,0,0,0,68,244,60,304,0,0,304,0
xn76du,0,0,0,0,0,0,205,36,0,18,0,0,0,107,330,36,366,0,0,366,0
xn76dv,0,0,0,0,6,0,242,28,0,58,0,0,0,55,374,15,389,0,0,389,0
xn76dw,0,0,0,0,0,0,225,62,0,67,0,0,0,34,344,44,388,0,0,388,0
xn76dx,0,0,0,0,0,0,210,26,0,100,0,0,0,19,290,65,355,0,0,355,0
xn76dy,0,0,0,0,11,0,175,0,0,65,0,0,0,57,284,24,308,0,0,308,0
xn76dz,0,0,0,0,0,0,127,20,0,42,0,0,0,81,260,10,270,0,0,270,0
xn76e0,0,0,0,0,23,4,186,0,0,68,0,11,5,135,358,74,428,4,0,432,0
xn76e1,0,0,0,0,0,0,147,0,0,41,0,1,0,65,184,70,254,0,0,254,0
xn76e2,0,0,0,0,0,0,211,0,0,92,0,0,0,55,320,38,354,4,0,358,0
xn76e3,0,0,0,0,0,0,215,0,0,43,4,7,0,11,126,154,280,0,0,280,0
xn76e4,0,0,0,0,16,0,117,0,0,2,0,0,0,186,224,97,321,0,0,321,0
xn76e6,0,0,0,0,0,0,202,32,27,26,0,13,0,53,238,115,353,0,0,351,2
xn76e7,0,0,0,0,0,0,189,0,6,42,0,11,0,26,234,40,270,4,0,274,0
xn76e8,0,0,0,0,0,0,90,26,0,48,0,0,0,99,246,17,263,0,0,261,2
xn76e9,0,0,0,0,0,0,273,13,8,114,2,0,0,45,394,61,455,0,0,455,0
xn76eb,0,0,0,1,11,3,46,0,0,51,1,16,0,103,154,78,223,9,0,232,0
xn76ec,0,0,0,0,0,0,75,9,0,42,0,9,0,122,212,45,257,0,0,257,0
xn76ed,0,0,0,0,0,0,119,37,1,31,0,0,0,33,176,45,221,0,0,213,8
xn76ee,0,0,0,0,0,0,122,0,0,66,2,0,0,35,214,11,225,0,0,222,3
xn76ef,0,8,0,0,0,0,70,66,1,38,0,11,0,114,270,38,308,0,0,306,2
xn76eg,0,0,0,0,8,0,38,0,0,57,2,17,0,109,190,41,224,7,0,231,0
xn76eh,0,0,0,0,0,0,96,26,0,16,0,0,0,136,232,42,274,0,0,274,0
xn76ej,0,0,0,0,2,0,74,4,0,58,0,0,0,56,184,10,194,0,0,194,0
xn76ek,0,0,2,0,53,4,152,0,0,42,0,21,0,128,270,132,398,4,0,402,0
xn76em,0,0,0,0,63,0,88,11,0,55,0,24,1,223,234,231,457,8,0,465,0
xn76en,0,0,0,0,30,9,144,0,0,40,0,0,0,31,202,52,251,3,0,254,0
xn76ep,0,0,0,0,11,0,102,0,0,10,0,0,0,38,142,19,157,4,0,161,0
xn76eq,0,0,0,0,6,0,76,9,0,32,0,0,0,22,120,25,144,1,0,145,0
xn76er,0,0,0,2,24,2,69,19,0,8,0,0,0,9,80,53,130,3,0,133,0
xn76es,0,0,0,0,23,0,62,0,0,63,0,0,0,91,182,57,231,8,0,239,0
xn76et,0,0,0,0,41,0,32,0,0,60,0,5,0,116,188,66,254,0,0,254,0
xn76eu,0,0,0,0,8,2,53,0,0,49,0,17,0,127,176,80,252,4,0,256,0
xn76ev,0,0,0,0,8,4,7,0,0,51,6,12,6,31,48,77,124,1,0,123,2
xn76ew,0,0,0,0,0,0,94,0,0,56,0,11,0,28,154,35,189,0,0,189,0
xn76ex,0,0,0,0,7,2,68,0,0,34,0,6,2,6,104,21,125,0,0,125,0
xn76ey,0,0,0,0,11,0,2,2,0,30,0,9,0,21,30,45,75,0,0,74,1
xn76ez,0,0,0,0,0,0,8,4,0,2,0,4,0,7,14,11,23,2,0,25,0
xn76f0,0,0,0,0,36,14,212,0,0,81,0,1,0,10,316,38,352,2,0,354,0
xn76f1,0,0,0,0,10,7,256,35,0,8,0,0,0,77,346,47,391,2,0,393,0
xn76f2,0,0,0,0,2,1,157,6,0,29,2,13,1,27,176,62,237,1,0,238,0
xn76f3,0,0,1,1,0,0,45,24,0,10,0,11,1,57,120,30,148,2,0,150,0
xn76f4,0,0,0,0,13,2,277,8,0,62,0,0,0,97,378,81,451,8,0,459,0
xn76f5,0,0,0,0,7,0,89,0,0,36,1,0,0,128,220,41,259,2,0,261,0
xn76f7,0,0,0,0,0,0,183,18,0,4,0,0,0,18,220,3,223,0,0,223,0
xn76f8,0,0,0,0,0,0,177,12,0,48,0,0,0,27,246,18,264,0,0,264,0
xn76f9,0,0,0,0,2,2,99,0,0,60,0,8,0,73,206,38,236,8,0,242,2
xn76fb,0,0,0,0,7,9,151,14,0,4,0,0,0,101,246,40,279,7,0,286,0
xn76fc,0,0,0,0,33,1,181,0,0,63,0,0,0,99,314,63,359,18,0,377,0
xn76fd,0,0,2,8,29,11,109,36,0,12,0,12,3,9,156,75,219,12,0,225,6
xn76fe,0,0,0,0,8,13,125,0,0,6,0,0,0,70,172,50,222,0,0,222,0
xn76ff,0,0,0,2,24,0,125,3,0,41,6,0,19,50,210,60,270,0,0,270,0
xn76fg,0,0,0,0,2,2,130,0,0,98,2,7,2,121,240,124,364,0,5,359,0
xn76fh,0,0,0,0,10,0,151,0,0,6,0,0,0,80,210,37,243,4,0,247,0
xn76fj,0,0,0,0,14,0,118,27,1,0,0,0,2,79,188,53,238,3,0,241,0
xn76fk,0,0,0,0,0,0,115,22,0,22,0,0,0,64,190,33,223,0,0,223,0
xn76fm,0,0,0,0,0,0,170,39,0,8,0,0,0,82,266,33,299,0,0,299,0
xn76fn,0,0,0,0,11,0,138,23,0,18,0,15,6,47,202,56,256,2,0,254,4
xn76fp,0,0,0,0,0,0,182,0,0,16,0,0,0,94,280,12,284,8,0,292,0
xn76fq,0,0,1,1,0,0,86,16,0,16,0,12,5,80,184,33,215,2,0,215,2
xn76fr,0,0,0,0,0,0,55,20,0,10,0,0,0,44,120,9,129,0,0,127,2
xn76ft,0,0,0,0,16,3,173,21,1,22,8,0,0,98,278,64,339,3,0,340,2
xn76fu,0,0,0,0,0,0,60,0,0,85,0,0,0,56,156,45,201,0,0,201,0
xn76fv,0,0,0,0,0,0,0,3,1,14,0,0,0,2,16,4,20,0,0,20,0
xn76fw,0,0,2,2,18,3,137,0,0,25,0,0,0,44,186,45,231,0,0,227,4
xn76fx,0,0,2,3,12,0,102,12,0,11,0,11,8,64,162,63,220,5,0,223,2
xn76fy,0,0,0,0,0,0,9,0,0,8,0,0,0,11,20,8,28,0,0,28,0
xn76fz,0,0,4,2,0,0,118,8,0,64,0,0,0,84,256,24,275,5,0,280,0
xn76g0,0,0,0,0,3,1,63,0,0,64,0,0,0,22,130,23,149,4,0,153,0
xn76g1,0,0,0,0,32,0,183,30,1,78,0,0,0,40,282,82,358,6,0,364,0
xn76g2,0,0,0,0,10,0,98,27,0,34,0,0,0,47,182,34,216,0,0,216,0
xn76g3,0,0,0,0,10,0,58,23,0,56,0,0,0,29,128,48,168,8,0,176,0
xn76g4,0,0,0,0,7,0,62,0,0,58,0,0,0,47,144,30,167,7,0,172,2
xn76g5,0,0,0,2,14,0,36,16,1,68,1,20,1,79,128,110,231,7,0,236,2
xn76g6,0,0,0,0,0,0,60,7,0,32,0,0,0,25,112,12,124,0,0,124,0
xn76g7,0,0,0,2,0,0,106,60,13,46,0,0,0,58,182,103,283,2,0,285,0
xn76g8,0,0,0,0,33,4,65,6,1,12,0,11,1,44,134,43,177,0,0,177,0
xn76gb,0,0,0,0,0,0,66,23,0,16,0,19,5,8,94,43,135,2,0,137,0
xn76gc,0,0,0,0,7,0,71,22,0,68,0,24,2,19,130,83,209,4,0,213,0
xn76gd,0,0,0,0,0,0,65,0,0,50,1,0,0,42,140,18,158,0,0,158,0
xn76ge,0,0,0,0,12,6,69,13,3,42,0,0,0,36,118,63,181,0,0,179,2
xn76gf,0,0,2,3,31,12,123,13,0,51,0,15,1,21,156,116,253,19,0,272,0
xn76gg,0,0,2,1,30,7,140,24,1,73,3,19,2,24,208,118,323,3,0,326,0
xn76gh,0,0,0,0,7,0,146,8,0,14,0,11,0,30,148,68,216,0,0,216,0
xn76gj,0,0,0,0,11,0,106,13,0,16,0,0,0,22,124,44,168,0,0,168,0
xn76gk,0,0,0,0,0,0,61,21,2,6,0,1,0,21,84,28,110,2,0,112,0
xn76gm,0,0,0,0,0,0,58,15,2,6,0,17,0,24,78,44,122,0,0,122,0
xn76gn,0,0,0,0,14,0,157,12,0,68,0,0,0,58,252,57,309,0,0,307,2
xn76gp,0,0,0,0,18,0,126,34,1,16,0,0,0,91,240,46,286,0,0,278,8
xn76gq,0,0,0,0,8,0,2,15,0,7,0,2,0,3,10,27,37,0,0,37,0
xn76gr,0,0,1,9,15,4,67,24,7,10,0,0,0,27,108,56,157,7,2,158,4
xn76gs,0,0,0,0,40,3,64,15,8,35,0,0,0,65,120,110,228,2,0,227,3
xn76gt,0,0,0,0,16,0,64,16,0,41,0,0,0,10,120,27,147,0,0,147,0
xn76gu,0,0,0,2,2,0,26,20,4,88,0,6,0,16,118,46,162,2,0,164,0
xn76gv,0,0,2,0,0,0,32,53,17,82,3,8,0,17,110,104,212,2,0,212,2
xn76gw,0,0,0,0,0,0,16,0,0,20,0,14,0,28,58,20,78,0,0,78,0
xn76gx,0,0,0,0,0,0,8,12,2,12,0,0,0,18,48,4,50,2,0,52,0
xn76gy,0,0,0,0,0,0,12,27,0,10,0,11,3,39,44,58,102,0,0,102,0
xn76gz,0,0,1,0,0,0,28,8,2,72,0,22,13,29,112,63,174,1,0,173,2
xn76hh,0,0,0,0,0,0,18,0,0,16,0,0,0,76,106,4,110,0,0,110,0
xn76hj,0,0,0,0,0,0,38,0,0,52,0,26,0,165,240,41,281,0,0,281,0
xn76hp,0,0,0,0,0,0,75,0,0,52,0,15,0,96,200,38,234,4,0,238,0
xn76hq,0,0,0,0,8,3,0,0,0,6,1,0,0,0,4,14,14,4,0,17,1
xn76hw,0,0,0,0,2,0,0,0,0,8,1,0,0,2,4,9,13,0,0,13,0
xn76hy,0,0,0,0,0,0,0,0,0,6,0,0,0,0,6,0,6,0,0,6,0
xn76hz,0,0,0,0,0,0,0,0,0,16,0,0,1,32,0,49,40,9,0,49,0
xn76k0,0,0,0,0,0,0,14,0,0,44,0,0,0,52,102,8,108,2,0,110,0
xn76k5,0,0,0,0,0,0,0,0,0,0,0,0,0,3,0,3,3,0,0,3,0
xn76k7,0,0,0,0,0,0,0,0,0,24,0,5,1,64,64,30,94,0,0,94,0
xn76kb,0,0,0,10,0,0,0,0,0,13,0,0,0,8,2,29,19,12,0,31,0
xn76ke,0,0,0,0,0,0,0,0,0,2,0,0,0,6,6,2,8,0,0,8,0
xn76kh,0,0,0,8,9,0,4,0,0,17,0,2,0,1,14,27,37,4,0,41,0
xn76kj,0,0,0,0,7,8,7,0,0,14,0,0,2,0,12,26,35,3,0,38,0
xn76kk,0,0,0,0,0,0,18,0,0,3,0,1,0,0,18,4,22,0,0,22,0
xn76km,0,0,0,0,3,1,0,0,0,0,0,0,0,0,0,4,3,1,0,4,0
xn76kp,0,0,0,2,0,0,0,0,0,17,0,4,16,2,0,41,15,26,0,41,0
xn76kr,0,0,0,0,5,0,0,0,0,13,0,0,0,0,6,12,18,0,0,18,0
xn76ku,0,0,0,0,0,0,0,0,0,6,0,0,0,0,4,2,6,0,0,6,0
xn76kv,0,0,0,0,0,0,0,0,0,24,0,0,0,0,18,6,24,0,0,24,0
xn76mp,0,0,0,0,0,0,0,0,0,2,7,0,0,0,0,9,9,0,0,8,1
xn76s1,0,0,0,3,2,0,0,0,0,6,0,7,3,0,8,13,18,3,0,21,0
xn76s4,0,0,1,1,7,20,0,8,4,11,0,19,4,19,40,54,68,26,0,94,0
xn76s5,0,0,0,0,2,1,0,0,0,18,0,12,0,61,90,4,94,0,0,94,0
xn76se,0,0,0,0,0,0,0,2,0,6,2,0,0,0,6,4,10,0,0,10,0
xn76sg,0,0,0,0,0,0,0,0,0,12,0,0,0,0,2,10,12,0,0,12,0
xn76sh,0,0,0,0,23,3,8,6,2,6,0,8,0,16,40,32,68,4,0,72,0
xn76sj,0,0,0,0,2,1,2,12,8,26,0,0,0,0,32,19,49,2,0,51,0
xn76sn,0,0,0,0,8,0,0,13,0,46,0,0,0,5,38,34,70,2,0,72,0
xn76sp,0,0,0,2,9,0,2,0,0,49,0,0,0,4,54,12,57,9,0,66,0
xn76ss,0,0,0,0,0,0,0,6,0,9,0,0,0,1,4,12,16,0,0,16,0
xn76st,0,0,0,0,0,0,0,10,0,24,0,10,1,2,4,43,43,4,0,47,0
xn76sv,0,0,0,0,0,0,0,0,0,10,0,0,0,0,2,8,9,1,0,10,0
xn76sw,0,0,0,0,0,0,0,0,0,9,0,0,0,0,8,1,8,1,0,9,0
xn76sy,0,0,0,2,0,0,0,5,0,19,9,11,0,0,4,42,40,6,0,46,0
xn76sz,0,0,0,0,0,0,0,6,1,25,0,0,0,0,20,12,32,0,0,32,0
xn76tn,0,0,0,0,0,0,1,3,0,20,1,0,0,4,12,17,29,0,0,29,0
xn76tp,0,0,0,0,2,0,0,9,2,15,0,3,16,1,4,44,33,15,0,48,0
xn76tu,0,0,0,0,0,0,0,0,0,11,0,0,0,0,4,7,11,0,0,11,0
xn76u0,0,0,0,1,33,3,27,9,0,103,1,0,0,9,108,78,167,19,0,186,0
xn76u1,0,0,0,0,1,0,80,6,0,68,3,34,3,20,102,113,213,2,0,214,1
xn76u2,0,0,0,0,0,0,0,0,0,14,2,0,0,4,14,6,20,0,0,20,0
xn76u3,0,0,3,2,5,0,0,0,0,11,0,3,0,0,10,14,15,9,0,24,0
xn76u4,0,0,0,7,4,1,72,14,0,48,0,12,0,68,106,120,218,8,0,224,2
xn76u5,0,0,0,0,7,3,17,8,2,108,0,12,0,83,148,92,240,0,2,238,0
xn76u6,0,0,4,0,6,1,0,6,1,42,0,0,0,6,48,18,60,6,0,66,0
xn76u7,0,0,0,0,4,0,3,7,0,2,0,0,0,27,20,23,43,0,0,43,0
xn76u9,0,0,0,0,0,0,0,0,0,6,0,0,0,0,6,0,6,0,0,6,0
xn76ub,0,0,0,0,0,0,0,11,0,0,0,0,0,11,6,16,16,6,0,22,0
xn76ue,0,0,0,0,12,12,9,4,0,76,0,0,0,16,76,53,121,8,0,129,0
xn76uf,0,0,0,0,17,3,0,0,0,60,0,0,0,0,58,22,80,0,0,80,0
xn76ug,0,0,0,0,12,0,1,5,0,49,1,0,0,21,58,31,86,3,0,89,0
xn76uh,0,0,0,0,12,0,83,45,0,125,0,8,0,148,236,185,421,0,0,420,1
xn76uj,0,0,0,0,15,0,26,49,4,59,0,19,0,46,72,146,218,0,0,218,0
xn76uk,0,0,0,1,48,6,23,46,4,33,0,18,0,38,68,149,214,3,0,214,3
xn76um,0,0,0,0,40,1,13,21,0,34,0,14,0,142,50,215,265,0,0,265,0
xn76un,0,0,1,4,4,0,0,69,22,7,0,32,19,1,20,139,158,1,0,156,3
xn76up,0,0,0,0,0,0,0,4,1,0,0,1,0,0,4,2,6,0,0,6,0
xn76uq,0,0,0,0,12,6,21,54,0,28,2,10,1,57,62,129,191,0,0,187,4
xn76ur,0,0,0,0,6,0,6,28,0,14,0,10,0,0,26,38,64,0,0,64,0
xn76us,0,0,0,0,20,0,73,0,0,62,0,0,0,10,66,99,165,0,0,165,0
xn76ut,0,0,5,7,28,0,101,24,2,109,0,0,0,72,118,230,332,16,0,342,6
xn76uu,0,0,0,0,0,0,0,22,6,77,0,0,0,58,102,61,161,2,0,163,0
xn76uv,0,0,0,0,0,0,29,5,0,28,0,0,0,32,46,48,90,4,0,94,0
xn76uw,0,0,1,2,61,0,113,0,0,147,0,15,0,80,126,293,413,6,0,416,3
xn76ux,0,0,4,1,44,2,41,28,4,59,0,30,0,101,72,242,308,6,0,314,0
xn76uy,0,0,0,0,10,0,55,17,0,115,0,0,0,93,174,116,280,10,0,290,0
xn76uz,0,0,7,23,36,2,34,5,6,114,0,0,0,180,124,283,369,38,0,407,0
xn76v0,0,0,2,0,5,0,0,0,0,52,0,1,0,0,52,8,57,3,0,60,0
xn76v1,0,0,0,0,0,0,0,0,0,6,0,0,0,2,8,0,8,0,0,8,0
xn76v2,0,0,2,0,7,0,0,0,0,32,1,5,0,0,20,27,41,6,0,47,0
xn76v3,0,0,0,0,6,2,0,0,0,44,1,0,0,0,26,27,51,2,0,53,0
xn76v4,0,0,0,0,17,4,10,3,0,40,0,0,0,10,52,32,84,0,0,84,0
xn76v5,0,0,0,0,12,2,0,0,0,44,4,0,0,2,22,42,64,0,0,64,0
xn76v8,0,0,0,0,1,0,0,0,0,68,0,2,0,0,50,21,71,0,0,71,0
xn76v9,0,0,0,3,1,1,0,0,0,8,0,0,1,4,12,6,15,3,0,18,0
xn76vb,0,0,0,0,0,0,2,0,0,23,0,0,0,22,28,19,45,2,0,47,0
xn76vc,0,0,0,2,3,0,0,0,0,18,0,0,12,5,12,28,38,2,0,40,0
xn76ve,0,0,0,0,0,0,94,0,0,75,0,0,0,0,142,27,167,2,0,169,0
xn76vg,0,0,0,0,8,0,8,0,0,6,0,0,0,0,12,10,22,0,0,22,0
xn76vh,0,0,0,0,0,0,10,0,0,28,0,0,0,12,36,14,46,4,0,50,0
xn76vj,0,0,0,0,13,0,136,15,0,84,4,0,0,25,212,65,258,19,0,277,0
xn76vk,0,0,0,0,17,0,47,0,0,79,0,0,0,6,112,37,138,11,0,149,0
xn76vm,0,0,0,2,33,0,109,0,0,56,0,0,0,19,126,93,205,14,0,219,0
xn76vn,0,0,1,2,15,0,112,71,6,72,0,0,0,39,126,192,307,11,0,318,0
xn76vp,0,0,0,0,0,0,61,52,1,50,0,0,0,51,132,83,208,7,0,215,0
xn76vq,0,0,0,0,7,0,38,13,0,62,0,0,0,26,102,44,123,23,0,146,0
xn76vr,0,0,0,0,13,0,155,29,0,42,0,0,0,38,142,135,271,6,0,277,0
xn76vs,0,0,0,0,0,0,28,0,0,28,0,0,0,1,48,9,53,4,0,57,0
xn76vt,0,0,0,0,15,0,85,7,0,20,0,0,0,27,92,62,154,0,0,154,0
xn76vv,0,0,0,0,14,0,35,8,0,15,0,0,0,0,50,22,72,0,0,72,0
xn76vw,0,0,0,0,0,0,35,24,0,46,0,0,0,15,82,38,113,7,0,120,0
xn76vx,0,0,0,0,0,0,146,46,0,82,0,0,0,37,176,135,304,7,0,311,0
xn76vy,0,0,0,0,32,0,35,16,1,40,0,0,0,8,106,26,127,5,0,131,1
xn76vz,0,0,0,0,14,0,67,11,1,5,0,0,0,52,110,40,150,0,0,149,1
xn76wp,0,0,0,0,0,0,14,0,0,34,0,0,0,0,38,10,48,0,0,48,0
xn76wz,0,0,0,0,0,0,0,0,0,2,0,0,0,0,2,0,2,0,0,2,0
xn76xj,0,0,0,0,0,0,0,0,0,3,0,0,0,0,0,3,3,0,0,3,0
xn76xm,0,0,0,0,0,0,0,0,0,29,10,0,0,0,18,21,39,0,0,36,3
xn76xn,0,0,0,0,0,0,0,0,0,1,0,0,0,0,0,1,1,0,0,1,0
xn76xp,0,0,1,1,0,0,124,0,0,16,1,7,3,1,132,22,150,4,0,152,2
xn76xq,0,0,0,0,0,0,0,4,0,30,0,0,0,4,32,6,38,0,0,38,0
xn76y7,0,0,0,0,2,0,0,0,0,12,0,0,0,0,12,2,14,0,0,14,0
xn76y8,0,0,0,1,0,0,0,0,0,1,0,0,5,0,0,7,7,0,0,7,0
xn76yb,0,0,0,2,0,0,20,0,0,31,0,2,11,0,44,22,60,6,0,66,0
xn76yc,0,0,0,0,9,0,99,0,0,68,0,0,0,8,140,44,184,0,0,184,0
xn76yd,0,0,0,0,0,0,32,0,0,55,0,0,0,18,90,15,103,2,0,105,0
xn76yf,0,0,0,0,12,0,213,0,0,90,0,0,0,2,284,33,317,0,0,317,0
xn76yh,0,0,0,0,4,4,10,2,0,14,0,0,0,4,30,8,38,0,0,38,0
xn76yj,0,0,0,0,8,5,82,31,0,58,0,0,0,10,182,12,192,2,0,194,0
xn76yk,0,0,0,0,10,0,22,8,1,18,0,0,0,1,46,14,60,0,0,60,0
xn76yn,0,0,0,0,34,0,87,22,0,12,0,0,0,44,194,5,199,0,0,199,0
xn76yp,0,0,0,0,0,0,127,23,0,0,0,0,0,72,198,24,222,0,0,222,0
xn76yr,0,0,0,0,0,0,16,0,0,0,0,0,0,4,14,6,20,0,0,20,0
xn76ys,0,0,0,0,0,0,123,14,0,166,0,0,0,34,274,63,337,0,0,337,0
xn76yt,0,0,0,0,28,0,111,0,0,65,0,0,0,36,214,26,240,0,0,240,0
xn76yu,0,0,0,0,7,5,167,0,0,162,0,0,0,61,342,60,402,0,0,402,0
xn76z0,0,0,0,0,0,0,182,0,0,29,1,0,0,14,212,14,224,2,0,226,0
xn76z4,0,0,0,0,0,0,122,0,0,41,0,0,0,10,152,21,173,0,0,173,0
xn76z6,0,0,0,0,0,0,246,0,0,86,0,0,0,22,304,50,346,8,0,354,0
xn76z7,0,0,0,0,0,0,275,0,0,53,0,0,0,46,342,32,367,7,0,374,0
xn76zd,0,0,0,0,0,0,76,0,0,36,0,0,0,6,118,0,116,2,0,118,0
xn76ze,0,0,0,0,0,0,48,18,0,32,0,0,0,16,114,0,112,2,0,114,0
xn76zh,0,0,0,0,14,10,194,16,0,90,0,0,0,13,300,37,325,12,0,337,0
xn76zj,0,0,0,0,0,0,193,14,0,4,0,0,0,18,224,5,229,0,0,229,0
xn76zk,0,0,0,0,16,2,155,16,0,44,0,0,0,63,270,26,286,10,2,294,0
xn76zm,0,0,0,0,16,0,138,0,0,72,0,0,0,11,228,9,237,0,0,237,0
xn76zs,0,0,0,0,0,0,87,0,0,26,0,0,0,12,110,15,121,4,0,125,0
xn76zt,0,0,0,0,0,0,121,0,0,82,6,0,0,7,192,24,216,0,0,216,0
xn7704,0,0,0,0,0,0,20,0,0,0,0,0,0,96,116,0,114,2,0,116,0
xn7705,0,0,0,0,46,0,6,16,0,14,0,0,0,169,194,57,251,0,0,249,2
xn7706,0,0,0,0,24,0,30,0,0,18,0,0,0,191,246,17,259,4,0,263,0
xn7707,0,0,0,0,46,0,55,0,0,0,0,0,0,128,216,13,229,0,0,229,0
xn7708,0,0,0,0,47,0,191,0,0,32,0,0,0,85,322,33,343,12,0,355,0
xn770b,0,0,0,0,48,0,225,0,0,4,0,0,0,113,364,26,387,3,0,390,0
xn770c,0,0,0,0,88,0,127,0,0,10,0,0,0,98,298,25,323,0,0,323,0
xn770e,0,0,0,0,8,0,97,0,0,22,0,0,0,112,178,61,239,0,0,239,0
xn770f,0,0,0,0,10,0,98,0,0,27,0,0,0,156,178,113,291,0,0,291,0
xn770g,0,0,0,0,0,0,54,0,0,106,0,0,0,160,270,50,314,6,0,320,0
xn770h,0,0,0,0,52,0,60,24,0,2,0,0,0,99,184,53,237,0,0,237,0
xn770k,0,0,0,0,12,0,115,36,0,0,0,0,0,83,222,24,246,0,0,246,0
xn770m,0,0,0,0,0,0,181,24,0,54,0,0,0,52,282,29,311,0,0,311,0
xn770r,0,0,0,0,7,0,182,10,0,44,0,0,0,79,288,34,320,2,0,322,0
xn770t,0,0,0,0,13,0,55,12,0,56,0,0,0,143,224,55,274,5,0,279,0
xn770u,0,0,0,0,13,0,86,0,0,76,0,0,0,144,214,105,308,11,0,319,0
xn770v,0,0,0,0,9,0,81,0,0,54,0,0,0,73,134,83,217,0,0,217,0
xn770x,0,0,0,0,0,0,170,38,0,18,0,0,0,62,266,22,288,0,0,288,0
xn770y,0,0,0,0,1,17,42,24,0,33,0,0,0,94,128,83,211,0,0,211,0
xn770z,0,0,0,0,0,1,82,8,0,54,0,0,0,143,206,82,288,0,0,288,0
xn7710,0,0,0,0,49,3,134,24,0,9,0,0,0,72,250,41,291,0,0,291,0
xn7713,0,0,0,0,32,0,226,0,0,18,0,0,0,48,310,14,320,4,0,324,0
xn7715,0,0,0,0,16,7,156,0,0,54,0,0,0,62,192,103,282,13,0,294,1
xn7716,0,0,0,0,5,0,164,2,0,18,0,0,0,53,232,10,240,2,0,242,0
xn7717,0,0,0,0,19,0,205,4,0,7,5,0,0,25,210,55,265,0,0,265,0
xn7719,0,0,0,0,24,0,252,15,0,0,0,0,0,130,368,53,421,0,0,421,0
xn771b,0,0,0,0,11,4,99,2,0,10,0,0,0,57,158,25,173,10,0,183,0
xn771c,0,0,0,0,11,0,265,9,0,6,0,0,0,84,330,45,375,0,0,375,0
xn771d,0,0,0,0,49,0,297,18,0,0,0,0,0,62,376,50,426,0,0,426,0
xn771e,0,0,0,0,0,0,308,14,0,0,0,0,0,119,416,25,441,0,0,441,0
xn771f,0,0,0,0,38,17,175,5,0,10,0,0,0,34,196,83,279,0,0,279,0
xn771g,0,0,0,0,19,1,353,8,0,121,0,0,0,95,494,103,597,0,0,597,0
xn771h,0,0,0,0,19,18,205,0,0,40,0,0,0,36,236,82,316,2,0,316,2
xn771k,0,0,0,0,0,0,358,10,0,21,0,0,0,77,444,22,466,0,0,466,0
xn771n,0,0,0,0,1,1,144,26,0,42,0,0,0,124,238,100,327,11,0,338,0
xn771p,0,0,0,0,28,12,167,12,0,64,0,0,0,66,226,123,347,2,0,349,0
xn771r,0,0,0,0,0,0,351,36,0,4,0,0,0,213,528,76,604,0,0,604,0
xn771s,0,0,0,0,8,0,338,0,0,14,0,0,0,114,450,24,474,0,0,474,0
xn771t,0,0,0,0,48,0,433,0,0,0,0,0,0,126,584,23,603,4,0,607,0
xn771u,0,0,0,0,44,7,232,0,0,16,0,0,0,94,304,89,393,0,0,393,0
xn771v,0,0,0,0,8,1,323,0,0,0,0,0,0,118,392,58,442,8,0,450,0
xn771x,0,0,0,0,0,0,331,70,0,16,0,0,0,97,462,52,512,2,0,514,0
xn771y,0,0,0,0,8,3,306,0,0,0,0,0,0,142,386,73,453,6,0,457,2
xn771z,0,0,0,0,7,10,338,52,0,22,0,0,0,73,386,116,502,0,0,502,0
xn7720,0,0,0,0,0,0,100,16,0,40,0,0,0,114,250,20,256,14,0,270,0
xn7722,0,0,0,0,0,0,50,16,0,48,0,0,0,120,230,4,220,14,0,234,0
xn7725,0,0,0,0,10,0,160,24,0,10,0,0,0,256,446,14,456,4,0,460,0
xn7727,0,0,0,0,0,0,122,0,0,18,0,0,0,285,410,15,425,0,0,425,0
xn7729,0,0,0,0,29,0,132,20,0,8,0,0,0,152,334,7,333,8,0,341,0
xn772d,0,0,0,0,38,0,170,18,0,0,0,0,0,130,350,6,356,0,0,356,0
xn772f,0,0,0,0,2,0,134,0,0,78,0,0,0,145,342,17,355,4,0,359,0
xn772k,0,0,0,0,43,0,92,13,0,54,0,0,0,112,238,76,312,2,0,314,0
xn772m,0,0,0,0,5,0,153,0,0,44,0,0,0,56,234,24,249,9,0,258,0
xn772s,0,0,0,0,60,0,166,1,0,20,0,0,0,166,386,27,413,0,0,413,0
xn772t,0,0,0,9,43,0,123,0,0,20,0,0,0,122,280,37,310,7,0,317,0
xn772u,0,0,0,2,78,1,255,0,0,46,0,0,0,169,508,43,551,0,0,551,0
xn7730,0,0,0,0,16,26,178,52,0,2,0,0,0,82,264,92,356,0,0,356,0
xn7733,0,0,0,0,0,0,206,22,0,6,0,0,0,169,328,75,403,0,0,403,0
xn7734,0,0,0,0,0,17,234,16,0,54,0,0,0,204,478,47,513,12,0,525,0
xn7735,0,0,0,0,37,0,201,12,6,58,0,0,0,131,370,75,438,7,0,445,0
xn7739,0,0,0,0,15,0,291,56,0,42,0,0,0,83,436,51,487,0,0,487,0
xn773c,0,0,0,0,20,0,279,53,0,109,0,0,0,47,458,50,508,0,2,506,0
xn773e,0,0,0,0,0,0,225,0,0,34,0,0,0,185,426,18,438,6,0,444,0
xn773f,0,0,0,0,0,0,254,16,0,68,0,0,0,155,466,27,493,0,0,493,0
xn773j,0,0,0,0,0,0,108,22,0,34,0,0,0,203,344,23,367,0,0,367,0
xn773m,0,0,0,0,0,0,114,7,0,59,0,0,0,114,274,20,294,0,0,294,0
xn773r,0,0,0,0,0,0,44,0,0,42,0,0,0,68,152,2,154,0,0,154,0
xn773v,0,0,0,0,27,10,184,33,13,28,1,0,0,126,334,88,422,0,0,422,0
xn773x,0,0,0,0,0,0,172,5,0,70,0,21,0,139,342,65,407,0,0,407,0
xn7740,0,0,0,0,30,0,167,4,0,40,0,0,0,51,280,12,280,12,0,292,0
xn7741,0,0,0,0,0,0,322,24,0,60,0,0,0,45,406,45,444,7,0,451,0
xn7742,0,0,0,0,24,0,51,0,0,12,0,0,0,69,134,22,156,0,0,156,0
xn7743,0,0,0,0,0,0,293,0,0,74,0,0,0,104,424,47,452,19,0,471,0
xn7744,0,0,0,0,17,0,79,10,0,6,0,0,0,18,88,42,130,0,0,130,0
xn7745,0,0,0,0,0,0,174,58,0,4,0,0,0,86,282,40,322,0,0,322,0
xn7746,0,0,0,0,16,0,74,0,0,26,0,0,0,31,120,27,147,0,0,147,0
xn7747,0,0,0,0,0,0,180,22,0,26,0,0,0,35,222,41,263,0,0,263,0
xn7748,0,0,0,0,15,0,78,31,0,6,0,2,2,14,118,30,148,0,0,148,0
xn7749,0,0,0,0,10,0,85,44,0,12,0,0,0,52,162,41,191,12,0,202,1
xn774b,0,0,0,1,0,0,85,44,1,22,0,18,0,58,186,43,228,1,0,229,0
xn774c,0,4,0,0,25,4,28,96,9,2,0,0,0,40,80,128,208,0,0,208,0
xn774d,0,0,0,0,43,8,98,9,0,16,0,0,0,44,140,78,211,7,0,218,0
xn774e,0,0,0,0,10,0,158,30,0,20,0,0,0,39,222,35,252,5,0,257,0
xn774f,0,0,0,0,22,6,124,0,0,30,0,0,0,73,178,77,255,0,0,253,2
xn774g,0,0,0,0,0,0,73,36,0,46,0,0,0,16,140,31,171,0,0,170,1
xn774h,0,0,0,0,32,0,52,6,0,18,0,0,0,35,126,17,143,0,0,143,0
xn774j,0,0,0,0,0,0,199,30,0,32,0,0,0,155,282,134,415,1,0,416,0
xn774k,0,0,0,0,28,0,109,0,0,22,0,0,0,11,148,22,170,0,0,170,0
xn774m,0,0,0,0,0,0,287,0,0,98,0,0,0,92,420,57,473,4,0,477,0
xn774n,0,0,0,0,0,0,218,2,0,44,0,0,0,129,302,91,374,19,0,393,0
xn774p,0,0,0,0,0,0,247,40,0,88,0,0,0,83,444,14,454,4,0,458,0
xn774q,0,0,0,0,0,0,271,30,0,74,0,0,0,64,396,43,434,5,0,439,0
xn774r,0,0,0,0,0,0,200,44,0,86,0,0,0,42,340,32,360,12,0,372,0
xn774s,0,0,0,0,24,0,162,0,0,56,0,0,0,42,206,78,280,4,0,284,0
xn774t,0,0,0,0,15,0,140,0,0,20,0,0,0,142,252,65,305,12,0,317,0
xn774u,0,0,0,0,18,0,319,0,0,101,0,0,0,41,442,37,477,2,0,479,0
xn774v,0,0,0,0,16,0,113,0,0,20,0,0,0,89,170,68,219,19,0,238,0
xn774w,0,0,0,0,16,14,298,0,0,12,0,0,0,82,370,52,422,0,0,422,0
xn774x,0,0,0,0,41,1,233,16,0,10,0,0,0,71,290,82,372,0,0,372,0
xn774y,0,0,0,0,25,3,140,0,0,20,0,0,0,43,160,71,231,0,0,231,0
xn774z,0,0,0,1,35,0,284,0,0,0,0,0,0,102,382,40,419,3,0,421,1
xn7750,0,0,0,0,18,0,59,0,0,33,0,0,0,42,118,34,152,0,0,152,0
xn7751,0,0,0,0,66,14,75,0,0,57,0,8,0,124,154,190,344,0,0,344,0
xn7752,0,0,0,0,11,2,79,13,1,23,0,22,1,28,102,78,180,0,0,180,0
xn7753,0,0,0,0,65,2,161,9,0,46,0,0,0,41,240,84,322,2,0,324,0
xn7754,0,0,0,0,32,1,114,0,0,28,0,0,0,62,148,89,235,2,0,237,0
xn7755,0,0,0,0,9,0,120,31,0,12,0,0,0,59,194,37,231,0,0,231,0
xn7756,0,0,0,0,18,0,93,26,0,14,0,0,0,17,136,32,168,0,0,168,0
xn7757,0,0,0,0,0,0,59,12,0,48,0,0,0,11,126,4,130,0,0,130,0
xn7758,0,0,0,0,0,0,38,18,4,14,1,22,0,55,78,74,149,3,0,152,0
xn7759,0,0,0,0,16,4,37,5,0,23,0,0,0,6,60,31,91,0,0,91,0
xn775b,0,0,0,0,0,0,25,4,0,66,0,20,1,36,82,70,152,0,0,152,0
xn775c,0,0,0,0,21,0,49,11,1,78,0,0,0,20,106,74,178,2,0,180,0
xn775d,0,0,0,0,16,0,67,28,0,38,0,0,0,52,180,21,201,0,0,201,0
xn775e,0,0,0,0,45,0,168,0,0,20,0,0,0,51,224,60,284,0,0,284,0
xn775f,0,0,0,0,0,0,73,6,0,20,2,0,0,45,128,18,144,2,0,146,0
xn775g,0,0,0,0,74,4,70,20,0,34,2,0,0,74,186,92,269,9,0,278,0
xn775h,0,0,0,0,30,1,75,0,0,6,2,0,0,6,96,24,120,0,0,120,0
xn775j,0,0,0,0,69,0,158,0,0,25,0,0,0,24,176,100,261,15,2,274,0
xn775k,0,0,0,0,37,0,125,0,0,95,0,0,0,30,234,53,287,0,0,287,0
xn775m,0,0,0,0,33,0,107,0,0,16,0,0,0,86,206,36,232,10,0,242,0
xn775n,0,0,0,0,19,0,88,0,0,12,0,0,0,34,136,17,151,2,0,153,0
xn775p,0,0,0,0,21,0,211,0,0,10,1,0,0,40,238,45,283,0,0,281,2
xn775q,0,4,0,0,29,5,178,18,0,12,0,0,0,70,296,20,312,4,0,316,0
xn775r,0,0,1,1,0,0,195,30,1,8,0,0,0,72,202,106,306,2,0,308,0
xn775s,0,0,0,1,53,0,334,0,0,66,0,0,0,95,422,127,545,4,0,549,0
xn775t,0,0,0,0,32,0,129,9,0,17,0,0,0,38,204,21,225,0,0,225,0
xn775u,0,0,0,0,17,0,46,2,0,54,1,0,0,72,138,54,180,12,0,192,0
xn775v,0,0,0,0,0,0,97,0,0,44,0,11,0,43,168,27,191,4,0,189,6
xn775w,0,0,0,8,0,0,72,46,1,30,0,6,0,13,140,36,172,4,0,176,0
xn775x,0,0,0,0,0,0,145,6,0,54,0,13,1,35,224,30,254,0,0,254,0
xn775y,0,0,0,0,0,0,171,34,0,66,2,7,0,23,264,39,301,2,0,303,0
xn7762,0,0,0,0,27,0,297,36,0,68,0,0,0,28,376,80,454,2,0,456,0
xn7763,0,0,0,0,0,0,341,32,0,56,0,0,0,73,458,44,502,0,0,502,0
xn7764,0,0,0,0,4,0,355,0,0,48,0,0,0,136,510,33,543,0,0,543,0
xn7766,0,0,0,0,9,0,271,0,0,38,0,0,0,113,382,49,431,0,0,431,0
xn7768,0,0,0,0,2,0,305,0,0,0,0,0,0,142,374,75,449,0,0,449,0
xn7769,0,0,0,0,0,0,335,46,0,0,0,0,0,70,380,71,451,0,0,451,0
xn776c,0,0,0,0,16,0,201,34,0,14,0,0,0,102,270,97,367,0,0,367,0
xn776g,0,0,0,0,0,0,52,21,0,48,0,20,0,167,278,30,308,0,0,308,0
xn776n,0,0,0,0,9,20,125,0,0,50,0,19,2,140,296,69,363,2,0,365,0
xn776p,0,0,0,0,0,7,137,0,0,94,0,0,0,248,460,26,484,2,0,486,0
xn776q,0,0,0,0,0,0,202,0,0,100,0,19,0,261,526,56,582,0,0,582,0
xn776r,0,0,0,0,3,5,167,0,0,40,0,0,0,221,418,18,433,3,0,436,0
xn776t,0,0,0,0,4,7,277,12,0,70,0,22,0,134,474,52,526,0,0,526,0
xn776u,0,0,0,0,0,0,70,0,0,83,0,10,0,123,256,30,286,0,0,286,0
xn776v,0,0,0,0,14,0,63,0,0,24,0,0,0,345,428,18,434,12,0,446,0
xn776z,0,0,0,0,0,0,83,2,0,26,0,9,0,212,288,44,332,0,0,332,0
xn7770,0,0,0,0,14,1,48,12,0,113,0,0,0,245,324,109,433,0,0,433,0
xn7771,0,0,0,0,8,1,120,0,0,102,0,0,0,388,568,51,619,0,0,619,0
xn7772,0,0,1,7,5,0,55,11,4,107,0,16,5,160,246,125,365,6,0,371,0
xn7773,0,0,0,0,27,2,152,7,6,10,0,7,14,87,230,82,303,9,0,312,0
xn7774,0,0,3,2,8,0,64,0,0,36,0,25,22,348,442,66,503,5,0,506,2
xn7775,0,0,0,0,8,0,46,0,0,64,0,2,0,249,344,25,367,2,0,369,0
xn7776,0,0,0,0,6,0,93,2,0,58,0,0,0,156,300,15,315,0,0,315,0
xn7777,0,0,2,2,0,0,103,0,0,134,0,22,1,218,424,58,476,6,0,482,0
xn7778,0,0,0,0,0,0,200,26,0,131,2,11,0,105,334,141,473,2,0,473,2
xn7779,0,0,0,0,0,0,154,22,0,20,0,4,0,106,256,50,306,0,0,306,0
xn777b,0,0,0,0,0,0,186,9,1,48,0,23,1,114,270,112,380,2,0,382,0
xn777c,0,0,0,0,0,0,50,0,0,6,0,16,0,100,98,74,171,1,0,172,0
xn777d,0,0,0,0,12,2,87,0,0,48,0,16,2,63,182,48,230,0,0,230,0
xn777e,0,0,0,0,0,0,85,0,0,62,0,34,0,180,282,79,361,0,0,361,0
xn777f,0,0,0,0,0,0,134,0,0,54,0,0,0,75,204,59,263,0,0,263,0
xn777h,0,0,2,0,12,0,117,18,0,37,0,22,11,102,234,87,318,3,0,321,0
xn777j,0,0,0,0,0,0,62,0,0,4,0,13,0,217,274,22,279,17,0,296,0
xn777k,0,0,0,0,0,0,174,0,0,63,0,1,0,94,308,24,329,3,0,332,0
xn777m,0,0,0,0,0,0,10,12,0,22,0,0,0,21,54,11,65,0,0,65,0
xn777n,0,0,0,2,15,20,103,7,0,30,0,18,2,168,244,121,361,4,0,365,0
xn777p,0,0,0,0,0,0,78,4,0,43,0,10,0,95,156,74,230,0,0,230,0
xn777q,0,0,0,0,10,2,96,32,0,39,0,0,0,76,208,47,255,0,0,255,0
xn777s,0,0,0,0,0,0,105,16,0,74,2,0,0,98,258,37,287,8,0,295,0
xn777t,0,0,0,0,0,0,74,28,0,18,0,0,0,53,144,29,173,0,0,171,2
xn777u,0,0,0,0,12,0,22,6,0,38,0,22,1,67,110,58,168,0,0,167,1
xn777v,0,0,0,3,29,26,125,7,0,66,0,13,0,121,218,172,389,1,0,390,0
xn777w,0,0,0,0,0,0,93,24,0,50,0,0,0,73,172,68,238,2,0,240,0
xn777x,0,0,0,0,13,10,197,0,0,40,0,9,0,15,134,150,284,0,0,281,3
xn777y,0,0,0,0,0,0,92,0,0,68,0,9,0,47,160,56,216,0,0,216,0
xn7782,0,0,0,0,0,0,38,8,0,20,0,0,0,53,82,37,119,0,0,119,0
xn7785,0,0,0,0,28,0,216,0,0,6,0,6,2,218,470,6,474,2,0,476,0
xn7788,0,0,0,0,0,0,123,24,0,33,0,0,0,23,188,15,203,0,0,203,0
xn778c,0,0,0,2,0,0,1,0,0,10,0,0,0,4,14,3,17,0,0,15,2
xn778f,0,0,0,0,10,3,60,18,0,68,0,11,0,35,162,43,205,0,0,205,0
xn778g,0,0,0,0,0,0,109,42,0,26,0,0,0,205,370,12,378,4,0,376,6
xn778j,0,0,0,0,10,0,152,20,0,42,0,0,0,50,274,0,272,2,0,274,0
xn778n,0,0,0,0,12,0,172,0,0,38,0,0,0,109,330,1,317,14,0,331,0
xn778p,0,0,0,0,12,0,216,0,0,40,0,0,0,228,482,14,486,10,0,496,0
xn778r,0,0,0,0,0,0,38,0,0,137,0,0,0,217,366,26,388,4,0,390,2
xn778s,0,0,0,0,38,0,66,14,0,94,0,0,0,289,488,13,499,2,0,499,2
xn7791,0,0,0,0,5,14,69,17,0,46,0,19,1,39,164,46,202,8,0,210,0
xn7792,0,0,0,0,0,0,150,2,0,68,0,14,0,191,354,71,425,0,0,425,0
xn7793,0,0,0,0,0,0,159,0,0,72,0,11,0,158,348,52,398,2,0,400,0
xn7796,0,0,0,0,1,0,124,0,0,42,0,0,0,216,380,3,370,13,0,383,0
xn7797,0,0,0,0,12,0,171,0,0,34,0,0,0,153,356,14,368,2,0,370,0
xn7798,0,0,0,0,0,0,208,12,0,42,0,7,0,366,598,37,633,2,0,635,0
xn7799,0,0,0,0,0,0,171,20,0,104,0,0,0,213,480,28,508,0,0,508,0
xn779d,0,0,0,0,0,0,177,1,0,64,0,2,0,245,448,41,489,0,0,486,3
xn779e,0,0,0,0,15,2,179,4,8,88,0,3,0,116,346,69,413,2,0,415,0
xn779f,0,0,0,2,0,0,133,17,0,84,0,0,0,1,214,23,235,2,0,237,0
xn779j,0,0,0,4,0,0,66,0,0,58,1,11,2,126,240,28,265,3,0,266,2
xn779s,0,0,0,0,12,0,54,0,0,12,0,3,0,42,112,11,119,4,0,119,4
xn77b0,0,0,0,0,22,0,82,0,0,42,0,0,0,191,330,7,333,4,0,337,0
xn77b1,0,0,0,0,18,0,43,8,0,46,0,0,0,85,172,28,198,2,0,198,2
xn77b2,0,0,0,0,0,0,34,6,0,110,0,0,0,292,430,12,440,2,0,438,4
xn77b4,0,0,0,0,14,0,126,30,0,42,0,0,0,274,482,4,486,0,0,486,0
xn77b5,0,0,0,0,8,0,126,20,0,18,0,0,0,288,456,4,458,2,0,460,0
xn77bf,0,0,0,0,14,0,24,0,0,6,0,0,0,70,114,0,114,0,0,114,0
xn77bg,0,0,0,0,2,0,30,0,0,4,0,0,0,0,36,0,36,0,0,36,0
xn77by,0,0,0,0,0,0,0,0,0,0,0,0,0,14,14,0,14,0,0,14,0
xn77c3,0,0,0,0,0,0,4,0,0,10,0,0,0,32,46,0,42,4,0,46,0
xn77c5,0,0,0,0,0,0,0,0,0,0,0,0,0,12,12,0,12,0,0,12,0
xn77c9,0,0,0,22,0,0,46,2,0,72,0,17,13,186,292,66,336,22,0,358,0
xn77cf,0,0,0,2,26,0,0,0,0,40,0,12,0,58,104,34,134,4,0,138,0
xn77ck,0,0,0,0,0,0,8,0,0,30,0,2,0,96,132,4,136,0,0,136,0
xn77cm,0,0,0,0,36,0,14,0,0,10,0,5,5,182,240,12,252,0,0,252,0
xn77ct,0,0,0,0,0,0,14,10,0,50,0,0,0,255,322,7,329,0,0,329,0
xn77cv,0,0,0,0,0,0,26,24,0,39,0,26,0,189,284,20,304,0,0,304,0
xn77cw,0,0,0,0,20,0,20,0,0,62,0,0,0,315,406,11,411,6,0,417,0
xn77cx,0,0,0,0,26,0,14,0,0,50,0,2,0,138,228,2,222,8,0,230,0
xn77cz,0,0,0,0,13,0,47,14,0,83,0,28,0,108,262,31,293,0,0,293,0
xn77d2,0,0,0,0,5,23,26,4,0,65,0,0,0,196,278,41,315,4,0,317,2
xn77d4,0,0,0,0,0,0,87,8,0,82,2,0,0,0,94,85,179,0,0,179,0
xn77d5,0,0,0,0,0,0,186,8,0,106,0,0,0,2,238,64,300,2,0,302,0
xn77d6,0,0,0,0,0,0,128,32,0,76,0,0,0,24,168,92,260,0,0,260,0
xn77d7,0,0,0,0,0,0,86,10,0,78,0,0,0,26,196,4,194,6,0,200,0
xn77d8,0,0,0,0,0,0,54,0,0,92,0,0,0,216,322,40,362,0,0,362,0
xn77d9,0,0,0,0,28,0,94,0,0,62,0,6,0,15,156,49,205,0,0,205,0
xn77db,0,0,0,0,0,0,75,28,0,77,0,12,0,71,222,41,263,0,0,263,0
xn77dc,0,0,0,0,15,0,77,0,0,58,0,4,1,112,242,25,267,0,0,267,0
xn77dg,0,0,0,0,0,0,72,30,0,16,0,0,0,111,180,49,229,0,0,229,0
xn77dq,0,0,0,0,14,0,12,8,0,42,0,0,0,95,122,49,159,12,0,171,0
xn77ds,0,0,0,0,0,0,44,16,0,22,0,4,5,92,172,11,181,2,0,183,0
xn77dt,0,0,0,0,0,0,4,0,0,38,0,2,0,96,130,10,132,8,0,140,0
xn77dy,0,0,0,0,28,0,98,0,0,66,0,0,0,92,264,20,282,2,0,284,0
xn77e0,0,0,0,0,0,0,23,34,0,36,0,0,0,126,176,43,219,0,0,219,0
xn77e2,0,0,0,0,0,0,131,30,0,46,0,0,0,66,218,55,273,0,0,273,0
xn77e3,0,0,0,0,0,0,212,27,0,59,0,0,0,26,232,92,324,0,0,322,2
xn77e4,0,0,0,0,17,0,16,10,0,32,0,0,0,138,172,41,211,2,0,213,0
xn77e6,0,0,0,0,13,2,71,8,0,24,0,25,2,55,134,66,200,0,0,200,0
xn77e7,0,0,0,0,0,0,0,0,0,0,0,0,0,2,2,0,2,0,0,2,0
xn77e8,0,0,0,0,0,0,82,0,0,78,0,7,0,101,194,74,268,0,0,268,0
xn77e9,0,0,0,0,0,0,182,0,0,17,0,24,0,96,180,139,319,0,0,319,0
xn77eb,0,0,0,0,8,6,28,0,0,40,0,0,0,82,130,34,164,0,0,164,0
xn77ec,0,0,0,0,0,0,43,0,0,12,0,0,0,20,62,13,75,0,0,75,0
xn77ed,0,0,0,0,0,0,22,0,0,14,0,5,0,67,88,20,106,2,0,108,0
xn77em,0,0,0,0,14,0,34,10,0,130,0,0,0,97,244,41,285,0,0,283,2
xn77ep,0,0,0,0,12,0,113,22,0,178,0,0,0,161,432,54,484,2,0,484,2
xn77eq,0,0,0,0,16,0,58,22,0,106,0,0,0,154,334,22,356,0,0,356,0
xn77er,0,0,0,0,6,0,31,24,0,182,0,0,0,83,320,6,326,0,0,326,0
xn77es,0,0,0,0,14,0,24,0,0,72,1,12,0,120,202,41,240,3,0,242,1
xn77et,0,0,0,0,0,0,40,0,0,96,0,9,0,85,198,32,224,6,0,230,0
xn77ex,0,0,0,0,0,0,70,0,0,156,0,1,0,128,350,5,353,2,0,355,0
xn77f2,0,0,0,0,0,0,4,24,0,58,0,0,0,165,250,1,251,0,0,251,0
xn77f3,0,0,0,0,0,0,83,26,0,102,0,12,0,276,482,17,499,0,0,499,0
xn77f4,0,0,0,0,36,0,113,0,0,72,0,0,0,297,512,6,518,0,0,518,0
xn77f6,0,0,0,0,20,0,128,0,0,52,0,22,0,256,426,52,478,0,0,478,0
xn77f7,0,0,0,0,0,0,182,0,0,123,0,17,0,255,486,91,549,28,0,577,0
xn77f8,0,0,0,0,0,0,36,0,0,158,1,24,0,462,666,15,681,0,0,681,0
xn77fb,0,0,0,0,0,0,115,36,0,112,0,0,0,730,964,29,981,12,0,993,0
xn77fc,0,0,0,0,0,0,120,16,0,96,0,0,0,320,444,108,552,0,0,552,0
xn77fd,0,0,0,0,0,0,176,52,0,70,0,0,0,339,496,141,635,2,0,637,0
xn77fj,0,0,0,0,0,0,40,0,0,132,0,0,0,343,498,17,515,0,0,513,2
xn77fm,0,0,0,0,0,0,48,0,0,104,0,0,0,278,414,16,428,2,0,428,2
xn77fn,0,0,0,0,0,0,22,0,0,124,0,0,0,317,456,7,463,0,0,461,2
xn77fp,0,0,0,0,23,0,64,0,0,81,0,0,0,140,292,16,308,0,0,308,0
xn77g0,0,0,0,0,16,0,77,2,0,135,2,0,0,176,340,68,408,0,0,408,0
xn77g4,0,0,0,0,22,0,35,20,0,110,0,0,0,382,516,53,551,18,0,569,0
xn77g5,0,0,0,0,0,0,28,10,0,138,0,0,0,325,486,15,497,4,0,501,0
xn77g7,0,0,0,0,0,0,47,66,0,116,0,0,0,300,514,15,529,0,0,529,0
xn77g8,0,0,0,0,0,0,194,0,0,128,0,0,0,84,382,24,400,6,0,406,0
xn77gb,0,0,0,0,0,0,56,8,0,96,0,8,0,210,338,40,374,4,0,375,3
xn77gc,0,0,0,0,2,0,49,24,0,94,0,7,1,245,400,22,422,0,0,422,0
xn77gd,0,0,0,0,11,0,76,0,0,84,0,0,0,212,366,17,381,2,0,383,0
xn77ge,0,0,0,0,9,0,204,22,0,70,0,3,0,213,506,15,519,2,0,521,0
xn77gf,0,0,0,0,20,2,43,22,0,71,0,12,2,182,310,44,352,2,0,354,0
xn77gg,0,0,0,0,0,0,34,46,0,36,0,1,0,225,324,18,340,2,0,342,0
xn77gp,0,0,0,0,0,0,43,26,0,130,0,0,0,265,398,66,447,17,0,464,0
xn77gs,0,0,0,0,7,0,62,0,0,62,1,8,0,292,416,16,426,6,0,432,0
xn77gv,0,0,1,4,0,0,52,56,0,6,0,0,0,148,252,15,262,5,0,267,0
xn77gw,0,0,2,5,0,0,41,4,0,24,0,15,19,65,112,63,166,9,0,169,6
xn77h1,0,0,5,5,3,0,4,15,1,32,1,0,0,2,32,36,54,14,0,65,3
xn77h2,0,0,0,1,9,0,0,29,0,25,0,9,0,3,22,54,75,1,0,76,0
xn77h3,0,0,2,2,27,1,82,49,0,42,0,0,0,51,78,178,247,9,0,256,0
xn77h4,0,0,1,2,35,0,98,0,0,90,2,0,0,83,174,137,296,15,0,309,2
xn77h5,0,0,0,0,22,2,79,14,2,61,0,0,0,66,126,120,235,11,0,245,1
xn77h6,0,0,0,0,37,0,114,31,0,40,1,0,0,109,148,184,332,0,0,332,0
xn77h7,0,0,0,0,0,0,83,14,0,104,0,21,2,120,238,106,344,0,0,344,0
xn77h8,0,0,0,2,19,0,70,36,0,32,0,22,1,54,72,164,225,11,0,236,0
xn77h9,0,0,0,1,1,0,115,0,0,45,0,48,6,86,32,270,301,1,0,302,0
xn77hb,0,0,0,0,19,0,204,12,0,113,12,0,0,58,74,344,418,0,0,418,0
xn77hc,0,0,0,0,0,0,107,0,0,75,1,12,0,100,38,257,295,0,0,295,0
xn77hd,0,0,0,0,41,0,106,23,0,82,2,50,0,113,120,297,411,6,0,417,0
xn77he,0,0,0,0,12,0,94,41,0,70,0,18,0,268,192,311,503,0,0,503,0
xn77hf,0,0,0,0,16,1,214,0,0,126,0,36,1,93,162,325,479,8,0,487,0
xn77hg,0,0,0,0,37,0,206,1,2,114,0,10,0,162,142,390,532,0,0,532,0
xn77hh,0,0,0,0,10,0,24,15,0,16,0,17,0,27,70,39,109,0,0,109,0
xn77hj,0,0,0,0,13,2,117,30,0,10,0,0,0,80,196,56,252,0,0,252,0
xn77hk,0,0,0,0,0,0,80,33,2,32,0,19,0,89,184,71,255,0,0,255,0
xn77hm,0,0,0,0,8,0,54,4,0,24,0,16,0,26,120,12,132,0,0,132,0
xn77hn,0,0,0,0,15,1,127,2,0,12,0,12,0,55,184,40,224,0,0,224,0
xn77hp,0,0,0,0,10,2,114,30,0,0,0,36,0,25,176,41,217,0,0,217,0
xn77hq,0,0,0,0,18,0,112,18,0,20,0,0,0,14,162,20,182,0,0,182,0
xn77hr,0,0,0,0,0,0,106,34,0,10,0,0,0,34,174,10,184,0,0,184,0
xn77hs,0,0,0,1,0,0,39,93,0,23,0,14,0,264,208,226,433,1,1,433,0
xn77ht,0,0,0,1,0,0,4,20,0,6,0,12,2,24,18,51,67,2,0,66,3
xn77hu,0,0,0,0,0,0,148,61,0,81,0,0,0,86,126,250,376,0,0,376,0
xn77hv,0,0,0,0,0,0,199,12,0,112,0,6,0,71,154,246,400,0,0,400,0
xn77hw,0,0,0,0,12,0,73,15,0,50,0,0,0,10,144,16,160,0,0,160,0
xn77hx,0,0,0,0,37,4,81,6,0,2,0,0,0,84,166,48,208,6,0,214,0
xn77hy,0,0,0,2,29,0,254,10,0,164,0,24,1,12,280,216,496,0,0,496,0
xn77hz,0,0,0,0,0,0,79,0,0,163,0,17,0,112,236,135,371,0,0,371,0
xn77j0,0,0,0,0,24,0,156,17,0,80,0,0,0,41,148,170,316,2,0,318,0
xn77j1,0,0,0,0,0,0,191,21,0,146,0,22,0,51,326,105,422,9,0,431,0
xn77j2,0,0,0,0,36,0,88,0,0,47,0,0,0,15,84,102,181,5,0,186,0
xn77j4,0,0,0,0,0,0,136,16,0,78,0,6,0,45,156,125,281,0,0,281,0
xn77j5,0,0,0,0,15,0,157,49,1,72,0,11,0,70,212,163,373,2,0,375,0
xn77j6,0,0,0,0,26,0,274,0,0,108,0,26,0,65,368,131,493,6,0,496,3
xn77j7,0,0,0,0,55,0,237,0,0,96,0,0,0,64,330,122,446,6,0,452,0
xn77j8,0,0,0,0,12,0,100,13,0,40,0,0,0,0,104,61,159,6,0,165,0
xn77j9,0,0,0,12,0,0,51,24,0,112,2,0,0,37,176,62,230,8,0,238,0
xn77jb,0,0,0,0,12,0,52,0,0,20,0,0,0,61,124,21,143,2,0,145,0
xn77jc,0,0,0,0,31,0,88,0,0,16,0,0,0,28,96,67,159,4,0,163,0
xn77jd,5,0,0,0,0,0,104,18,0,74,0,26,4,51,170,112,278,4,1,281,0
xn77je,0,0,0,0,22,0,211,18,0,99,0,0,0,30,286,94,376,4,0,380,0
xn77jf,0,0,0,0,22,0,163,3,0,74,0,23,0,47,156,176,332,0,0,332,0
xn77jh,0,0,0,0,0,0,234,97,0,71,7,22,1,23,172,283,451,4,0,455,0
xn77jj,0,0,0,0,29,0,422,20,0,55,0,8,0,16,346,204,550,0,2,548,0
xn77jk,0,0,0,0,26,0,152,38,0,70,0,0,0,50,184,152,326,10,0,336,0
xn77jm,0,0,0,0,16,0,200,3,0,66,0,31,0,19,268,67,333,2,0,335,0
xn77jn,0,0,0,0,13,0,290,19,0,254,0,0,0,16,278,314,592,0,0,592,0
xn77jp,0,0,0,0,0,0,297,22,0,222,0,0,0,12,366,187,553,0,0,553,0
xn77js,0,0,0,0,0,0,263,48,0,99,0,0,0,39,384,65,439,10,0,449,0
xn77jt,0,0,0,0,0,0,156,28,0,72,0,0,0,16,242,30,272,0,0,272,0
xn77ju,0,0,0,0,14,0,196,12,0,72,0,0,0,24,280,38,316,2,0,318,0
xn77jv,0,0,0,0,18,0,172,3,0,82,0,0,0,26,234,67,301,0,0,301,0
xn77jw,0,0,0,0,12,0,181,2,0,64,0,20,0,29,264,44,308,0,0,302,6
xn77jx,0,0,0,2,9,0,216,13,0,30,0,30,0,6,240,66,306,0,0,306,0
xn77jz,0,0,0,0,0,0,181,43,0,66,3,4,0,67,330,34,362,2,0,364,0
xn77k0,0,0,0,0,0,0,220,28,0,54,0,0,0,34,270,66,336,0,0,336,0
xn77k1,0,0,0,0,0,0,201,38,0,109,0,0,0,77,330,95,423,2,0,423,2
xn77k2,0,0,0,0,0,0,82,52,0,10,0,0,0,31,156,19,175,0,0,175,0
xn77k3,0,0,0,0,0,0,39,23,0,45,0,0,0,161,218,50,267,1,0,268,0
xn77k4,0,0,0,0,0,0,110,17,0,93,0,0,0,143,300,63,359,4,0,363,0
xn77k5,0,0,0,0,12,0,49,0,0,48,0,0,0,188,274,23,295,2,0,297,0
xn77k6,0,0,0,0,24,0,41,46,0,69,0,0,0,230,336,74,408,2,0,410,0
xn77k7,0,0,0,0,11,0,94,12,0,62,0,0,0,203,366,16,382,0,0,382,0
xn77k8,0,0,0,0,49,0,292,0,0,84,0,0,0,131,460,96,554,2,2,548,6
xn77k9,0,0,0,0,38,13,107,40,0,54,0,0,0,234,416,70,486,0,2,484,0
xn77kb,0,0,0,0,9,0,280,0,0,138,0,2,0,60,316,173,489,0,0,482,7
xn77kd,0,0,0,0,40,1,76,2,3,32,0,0,0,337,450,41,491,0,0,491,0
xn77ke,0,0,0,0,43,10,118,0,0,36,2,0,0,330,472,67,539,0,0,539,0
xn77kf,0,0,0,0,24,0,64,0,0,78,0,0,0,107,252,21,273,0,0,273,0
xn77kg,0,0,0,0,38,0,168,0,0,22,0,0,0,230,450,8,458,0,0,458,0
xn77kh,0,0,0,0,9,0,88,0,0,102,0,0,0,285,468,16,484,0,0,484,0
xn77kk,0,0,0,0,18,0,44,12,0,14,0,0,0,152,210,30,240,0,0,240,0
xn77kp,0,0,0,0,0,0,0,0,0,8,0,0,0,0,8,0,8,0,0,8,0
xn77ks,0,0,0,0,0,9,34,0,0,36,0,0,0,50,120,9,127,2,0,129,0
xn77kt,0,0,0,4,2,4,4,18,1,0,0,0,0,27,34,26,54,6,0,60,0
xn77ku,0,0,0,0,16,0,61,0,0,50,0,0,0,188,314,1,313,2,0,315,0
xn77kv,0,0,0,0,0,0,2,15,0,0,0,0,0,6,22,1,23,0,0,23,0
xn77kw,0,0,0,0,14,4,41,23,0,4,0,0,0,261,322,25,347,0,0,347,0
xn77m0,0,0,0,0,39,0,244,24,0,98,1,19,0,10,248,187,435,0,0,431,4
xn77m1,0,0,0,0,0,0,139,22,0,73,0,10,0,48,254,38,292,0,0,290,2
xn77m3,0,0,0,0,0,0,0,0,0,62,0,0,0,0,50,12,62,0,0,62,0
xn77m4,0,0,0,0,0,0,48,1,0,48,12,11,1,36,132,25,155,2,0,155,2
xn77m5,0,0,0,0,0,0,98,24,0,40,0,9,0,54,206,19,225,0,0,225,0
xn77m6,0,0,0,0,0,0,74,15,0,30,0,0,0,0,104,15,119,0,0,119,0
xn77m7,0,0,0,0,0,0,139,2,0,54,0,0,0,17,196,16,212,0,0,212,0
xn77m9,0,0,0,0,0,0,106,33,2,4,0,0,0,3,128,20,140,8,0,142,6
xn77md,0,0,2,0,4,0,59,10,0,14,0,0,0,13,84,18,98,4,0,102,0
xn77me,0,0,1,0,6,0,74,18,0,20,0,0,0,2,110,11,118,3,0,119,2
xn77mg,0,0,0,0,43,0,303,6,0,52,0,0,0,110,452,62,514,0,0,514,0
xn77mk,0,0,0,0,0,0,147,6,0,28,0,2,0,89,238,34,272,0,0,268,4
xn77mm,0,0,0,0,7,0,32,2,0,19,0,0,0,43,78,25,103,0,0,95,8
xn77mr,0,0,0,0,0,0,78,0,0,51,0,8,2,162,286,15,301,0,0,301,0
xn77ms,0,0,3,0,19,4,9,10,0,2,0,0,0,4,20,31,46,5,0,51,0
xn77mt,0,0,0,0,19,0,42,0,0,16,0,0,0,84,146,15,159,2,0,161,0
xn77mw,0,0,0,0,0,0,177,30,0,46,0,0,0,259,484,28,510,2,0,512,0
xn77mx,0,0,0,0,0,0,38,16,0,78,0,0,0,242,366,8,372,2,0,374,0
xn77my,0,0,0,0,18,0,141,30,0,72,0,0,0,161,392,30,422,0,0,422,0
xn77mz,0,0,0,0,16,0,191,0,0,114,1,0,0,62,350,34,384,0,0,384,0
xn77n1,0,0,0,0,21,0,118,21,0,12,0,0,0,47,158,61,219,0,0,219,0
xn77n3,0,0,0,0,2,9,2,4,0,22,0,0,0,2,28,13,34,7,0,39,2
xn77n4,0,0,0,0,0,0,191,20,1,37,0,20,0,4,204,69,273,0,0,273,0
xn77n7,0,0,0,0,0,0,211,48,11,36,0,0,0,26,282,50,332,0,0,332,0
xn77n8,0,0,0,2,35,0,152,6,0,23,0,0,0,39,200,57,252,5,0,257,0
xn77ne,0,0,0,0,0,0,184,9,0,35,0,8,0,4,184,56,238,2,0,238,2
xn77nh,0,0,0,0,23,0,258,19,0,89,0,0,0,19,256,152,406,2,0,408,0
xn77nk,0,0,0,0,0,0,84,20,0,22,0,0,0,0,100,26,126,0,0,126,0
xn77nm,0,0,0,2,3,1,27,10,0,0,0,0,0,2,36,9,40,5,0,45,0
xn77nt,0,0,0,0,28,0,225,0,0,36,0,0,0,6,212,83,295,0,0,295,0
xn77nu,0,0,0,0,2,0,127,0,0,76,1,22,3,27,188,70,258,0,0,258,0
xn77nw,0,0,0,0,20,18,161,0,0,62,2,0,0,16,192,87,279,0,0,277,2
xn77nx,0,0,0,0,16,0,224,0,0,74,0,0,0,22,272,64,336,0,0,336,0
xn77p0,0,0,0,0,1,12,211,0,0,38,0,0,0,35,262,35,293,4,0,297,0
xn77p1,0,0,0,0,12,1,242,0,0,40,0,0,0,20,274,41,305,10,0,312,3
xn77p3,0,0,0,0,0,0,355,0,0,132,0,0,0,8,492,3,495,0,0,495,0
xn77pm,0,0,0,0,18,0,270,0,0,16,0,0,0,39,324,19,343,0,0,343,0
xn77ps,0,0,0,0,0,0,62,0,0,106,0,0,0,77,210,35,245,0,0,245,0
xn77q0,0,0,0,0,6,0,243,6,0,30,0,0,0,23,266,42,308,0,0,308,0
xn77q1,0,0,0,0,48,0,186,0,0,34,0,6,8,27,218,91,305,4,0,309,0
xn77q3,0,0,0,0,34,0,165,0,0,56,0,0,0,14,226,43,267,2,0,269,0
xn77q4,0,0,0,0,10,0,250,0,0,20,0,14,9,12,216,99,315,0,0,315,0
xn77q5,0,0,0,0,0,0,102,0,0,72,0,3,0,81,236,22,258,0,0,258,0
xn77q6,0,0,0,0,0,0,342,0,0,112,0,0,0,3,386,71,457,0,0,457,0
xn77q7,0,0,0,0,0,0,175,0,0,74,0,9,0,6,232,32,264,0,0,264,0
xn77qe,0,0,0,0,17,0,101,0,0,20,0,0,0,45,156,27,177,6,0,183,0
xn77qf,0,0,0,0,0,0,296,0,0,138,0,0,0,29,428,35,463,0,0,463,0
xn77qh,0,0,0,0,0,0,192,0,0,74,0,0,0,52,274,44,318,0,0,318,0
xn77qm,0,0,0,0,4,19,123,0,0,52,0,9,0,32,182,57,237,2,0,239,0
xn77qq,0,0,0,0,12,0,102,34,0,68,0,0,0,103,278,41,317,2,0,319,0
xn77qr,0,0,0,0,17,0,209,0,0,48,0,0,0,266,494,46,540,0,0,540,0
xn77qs,0,0,0,0,6,0,55,0,0,30,0,0,0,63,134,20,154,0,0,154,0
xn77qu,0,0,0,0,24,0,134,0,0,54,0,0,0,22,192,42,234,0,0,234,0
xn77qv,0,0,0,0,40,0,183,0,0,74,0,0,0,35,268,64,332,0,0,332,0
xn77qw,0,0,0,0,0,0,97,12,0,74,0,14,0,102,264,35,299,0,0,299,0
xn77qz,0,0,0,0,13,0,301,0,0,74,0,17,11,25,354,87,439,2,0,439,2
xn77r0,0,0,0,0,14,0,285,0,0,44,1,12,0,59,326,89,415,0,0,415,0
xn77r1,0,0,0,0,46,0,126,0,0,74,0,0,0,55,186,115,301,0,0,301,0
xn77r2,0,0,0,0,0,0,84,12,0,4,0,12,0,74,172,14,186,0,0,186,0
xn77r4,0,0,0,0,16,0,219,0,0,110,0,0,0,20,314,51,365,0,0,365,0
xn77rj,0,0,0,0,0,0,33,0,0,2,0,0,0,13,44,4,48,0,0,48,0
xn77rp,0,0,0,0,0,0,42,0,0,0,0,0,0,32,74,0,74,0,0,68,6
xn77s6,0,0,0,0,0,0,52,22,0,150,0,0,0,259,480,3,483,0,0,483,0
xn77s7,0,0,0,0,0,0,144,19,0,138,0,0,0,266,564,3,567,0,0,567,0
xn77s8,0,0,0,0,31,0,80,0,0,18,0,0,0,79,196,12,208,0,0,208,0
xn77sb,0,0,0,0,0,0,37,20,0,58,0,0,0,102,212,5,217,0,0,217,0
xn77sc,0,0,0,0,12,8,40,22,0,61,0,0,0,227,336,34,370,0,0,369,1
xn77se,0,0,0,0,9,0,74,0,0,38,0,0,0,146,258,9,267,0,0,267,0
xn77sm,0,0,0,0,0,0,18,21,0,46,0,0,0,126,202,9,211,0,0,211,0
xn77sp,0,0,0,0,0,0,18,20,0,74,0,0,0,156,266,2,266,2,0,268,0
xn77sr,0,0,0,0,0,0,44,13,0,76,0,0,0,148,252,29,279,2,0,281,0
xn77ss,0,0,0,0,0,0,10,0,0,16,0,0,0,58,80,4,84,0,0,84,0
xn77su,0,0,0,0,0,0,86,20,0,94,0,0,0,274,472,2,474,0,0,474,0
xn77sv,0,0,0,0,0,0,34,4,0,72,0,0,0,176,284,2,286,0,0,286,0
xn77t0,0,0,0,0,0,0,62,0,0,39,0,0,0,108,208,1,209,0,0,207,2
xn77t1,0,0,0,0,23,9,22,18,0,68,0,0,0,224,314,50,364,0,0,364,0
xn77t3,0,0,0,0,22,0,52,0,0,64,0,11,0,224,340,33,373,0,0,373,0
xn77t5,0,0,0,0,0,0,18,14,0,102,0,0,0,338,472,0,472,0,0,472,0
xn77t6,0,0,0,0,0,0,34,0,0,54,0,7,0,203,288,10,298,0,0,298,0
xn77t8,0,0,0,0,0,0,24,24,0,52,0,0,0,203,294,9,303,0,0,303,0
xn77td,0,0,0,0,0,0,238,20,0,141,0,0,0,260,658,1,659,0,0,659,0
xn77th,0,0,0,0,0,0,161,20,0,46,0,0,0,178,386,19,405,0,0,405,0
xn77tm,0,0,0,0,0,0,52,0,0,122,0,6,2,298,472,8,480,0,0,480,0
xn77tq,0,0,0,0,14,0,30,0,0,83,0,1,2,147,256,21,273,4,0,277,0
xn77tr,0,0,0,0,14,0,12,4,0,84,0,0,0,182,282,14,296,0,0,296,0
xn77u3,0,0,0,0,16,0,90,14,4,54,0,0,0,268,430,16,440,6,0,446,0
xn77u5,0,0,0,0,0,0,58,16,0,24,0,0,0,278,368,8,372,4,0,376,0
xn77up,0,0,0,0,0,0,64,54,0,22,0,0,0,128,268,0,268,0,0,268,0
xn77uu,0,0,0,0,0,0,247,0,0,74,0,4,0,216,536,5,534,7,0,541,0
xn77v5,0,0,0,0,26,0,115,0,0,56,0,7,0,189,374,19,393,0,0,393,0
xn77v6,0,0,0,0,12,0,70,16,0,81,0,0,0,139,276,42,316,2,0,318,0
xn77vh,0,0,0,0,0,0,51,0,0,46,0,0,0,52,146,3,145,4,0,149,0
xn77vj,0,0,0,0,0,0,217,0,0,52,0,0,0,94,334,29,363,0,0,363,0
xn77vk,0,0,0,0,32,0,103,0,0,6,0,0,0,84,214,11,221,4,0,225,0
xn77vm,0,0,0,0,8,0,204,12,0,28,0,0,0,71,314,9,319,4,0,323,0
xn77wc,0,0,0,0,23,0,247,0,0,18,0,0,0,54,326,16,342,0,0,342,0
xn77wf,0,0,0,0,0,0,114,0,0,50,0,0,0,17,180,1,181,0,0,181,0
xn77wn,0,0,1,1,0,0,86,14,1,85,0,0,0,105,246,47,283,10,0,293,0
xn77wq,0,0,0,0,14,0,18,0,0,17,0,0,0,224,248,25,259,14,0,273,0
xn7k18,0,0,0,0,30,0,36,0,0,76,0,10,0,208,360,0,352,8,0,360,0
xn7k1b,0,0,0,0,14,0,122,0,0,102,0,18,0,189,428,17,441,4,0,445,0
xn7k40,0,0,0,0,9,0,103,0,0,46,0,4,0,197,324,35,359,0,0,359,0
xn7k41,0,0,0,0,0,0,12,0,0,10,0,6,0,58,86,0,86,0,0,86,0
xn7k50,0,0,0,0,0,0,33,36,0,61,0,0,0,150,272,8,266,14,0,280,0
